sci_name,long,lat
Acianthera auriculata,-36.932067,-10.052769
Acianthera glanduligera,-39.533333,-12.533333
Acianthera glumacea,-36.572231,-9.526475
Acianthera glumacea,-41.185833,-11.576111
Acianthera ochreata,-41.916667,-13.533333
Acianthera ochreata,-41.966667,-13.516667
Acianthera ochreata,-41.333333,-10.366667
Acianthera ochreata,-41.35,-12.983334
Acianthera ochreata,-40.5,-13.5
Acianthera ochreata,-41.2,-11.583333
Acianthera ochreata,-41.433333,-12.466667
Acianthera ochreata,-41.416667,-12.466667
Acianthera ochreata,-36.761667,-8.310278
Acianthera ochreata,-36.059734,-8.362948
Acianthera ochreata,-36.386716,-8.242434
Acianthera ochreata,-41.94,-13.949722
Acianthera ochreata,-42.285,-13.25
Acianthera ochreata,-36.016917,-8.410639
Acianthera ochreata,-41.341614,-12.890217
Acianthera ochreata,-41.62,-13.0225
Acianthera ochreata,-41.62,-13.024167
Acianthera ochreata,-41.357222,-11.354722
Acianthera ochreata,-36.405111,-8.197611
Acianthera ochreata,-41.369944,-13.003833
Acianthera ochreata,-41.41775,-12.461639
Acianthera ochreata,-41.896389,-13.070556
Acianthera ochreata,-40.654222,-11.053694
Acianthera ochreata,-38.064694,-7.8235
Acianthera ochreata,-41.179518,-11.565769
Acianthera ochreata,-36.043056,-8.448056
Acianthera ochreata,-36.023333,-7.143611
Acianthera ochreata,-35.795556,-6.454444
Acianthera ochreata,-35.701667,-6.425
Acianthera ochreata,-35.806389,-6.451389
Acianthera ochreata,-35.699167,-6.424444
Acianthera ochreata,-41.906667,-13.530278
Acianthera ochreata,-41.65,-12.933333
Acianthera ochreata,-41.340833,-12.988333
Acianthera ochreata,-41.55,-12.516667
Acianthera ochreata,-41.383333,-12.55
Acianthera ochreata,-41.15,-11.55
Acianthera ochreata,-40.999444,-11.625278
Acianthera ochreata,-41.326667,-12.995278
Acianthera ochreata,-41.371944,-13.001389
Acianthera ochreata,-41.333333,-13
Acianthera ochreata,-41.002222,-11.638611
Acianthera ochreata,-41.2075,-11.591111
Acianthera ochreata,-40.701389,-11.243889
Acianthera ochreata,-41.206944,-11.590556
Acianthera ochreata,-41.2075,-11.591667
Acianthera ochreata,-41.208177,-11.591868
Acianthera ochreata,-41.473068,-12.455664
Acianthera ochreata,-41.052292,-13.277141
Acianthera ochreata,-41.455142,-12.600633
Acianthera ochreata,-41.3345,-12.974488
Acianthera ochreata,-41.473155,-12.455632
Acianthera ochreata,-41.01215,-11.56152
Acianthera ochreata,-41.471725,-12.458833
Acianthera ochreata,-41.953056,-13.523056
Acianthera ochreata,-41.844167,-13.098333
Acianthera ochreata,-35.754167,-8.328861
Acianthera ochreata,-41.751667,-13.166667
Acianthera ochreata,-36.72,-8.329167
Acianthera ochreata,-35.895556,-6.758611
Acianthera ochreata,-41.866667,-13.3
Acianthera ochreata,-41.390833,-10.396111
Acianthera ochreata,-41.448428,-12.813197
Acianthera ochreata,-41.208056,-11.5925
Acianthera ochreata,-41.185833,-11.576111
Acianthera ochreata,-39.9,-12.755
Acianthera ochreata,-41.43,-12.47
Acianthera ochreata,-41.92,-13.53
Acianthera ochreata,-41.35,-12.98
Acianthera ochreata,-41.33,-10.37
Acianthera ochreata,-41.42,-12.47
Acianthera ochreata,-41.2,-11.58
Acianthera ochreata,-41.9,-13.23
Acianthera ochreata,-41.87,-13.3
Acianthera ochreata,-41.77,-13.15
Acianthera ochreata,-41.155833,-11.550278
Acianthera ochreata,-41.569444,-13.6725
Acianthera ochreata,-41.45,-12.466667
Acianthera ochreata,-41.343889,-13.016667
Acianthera ochreata,-41.346111,-12.806389
Acianthera ochreata,-41.466667,-12.45
Acianthera ochreata,-41.001111,-11.628056
Acianthera ochreata,-41.472222,-12.455556
Acianthera ochreata,-41.440278,-12.459722
Acianthera ochreata,-41.195833,-11.435
Acianthera ochreata,-41.764444,-13.151111
Acianthera ochreata,-41.366667,-13
Acianthera ochreata,-38.066667,-11.55
Acianthera ochreata,-40.494444,-11.1725
Acianthera ochreata,-41.416667,-12.45
Acianthera ochreata,-41.374722,-13.006667
Acianthera ochreata,-40.703056,-11.253056
Acianthera ochreata,-35.943889,-8.381944
Acianthera ochreata,-36.016667,-8.410556
Acianthera ochreata,-41.2,-11.58333
Acianthera ochreata,-41.91667,-13.53333
Acianthera ochreata,-41.35,-12.98333
Acianthera ochreata,-41.33333,-10.36667
Acianthera ochreata,-41.471417,-12.459528
Acianthera ochreata,-41.207222,-11.591111
Acianthera ochreata,-41.421667,-12.461389
Acianthera ochreata,-36.391389,-8.192222
Acianthera ochreata,-41.363611,-13.000278
Acianthera ochreata,-41.136389,-11.565556
Acianthera ochreata,-41.3189,-12.9658
Acianthera ochreata,-41.1558252,-11.5539318
Acianthera ochreata,-41.001517,-11.625
Acianthera ochreata,-36.067778,-8.353889
Acianthera ochreata,-40.99925,-11.625778
Acianthera ochreata,-41.905139,-13.526444
Acianthera ochreata,-41.871389,-13.460833
Acianthera ochreata,-41.343333,-12.979444
Acianthera ochreata,-36.043055,-8.448055
Acianthera ochreata,-40.513889,-11.193055
Acianthera ochreata,-40.671778,-11.090806
Acianthera ochreata,-39.8,-10.716667
Acianthera ochreata,-35.699167,-6.691111
Acianthera ochreata,-41.41666,-12.46666
Acianthera ochreata,-41.33333,-10.36666
Acianthera ochreata,-41.43333,-12.46666
Acianthera ochreata,-41.76666,-13.15
Acianthera ochreata,-41.9,-13.23333
Acianthera ochreata,-36.107778,-8.200278
Acianthera ochreata,-36.107778,-8.100278
Acianthera ochreata,-41.945278,-13.949444
Acianthera ochreata,-41.416667,-12.416667
Acianthera ochreata,-41.421389,-12.431667
Acianthera ochreata,-41.383333,-12.383333
Acianthera ochreata,-41.313333,-10.308611
Acianthera ochreata,-41.120556,-11.133056
Acianthera ochreata,-41.103889,-11.100833
Acianthera ochreata,-41.225278,-11.229722
Acianthera ochreata,-41.269722,-11.279444
Acianthera ochreata,-41.904167,-13.915556
Acianthera ochreata,-40.998056,-11.992222
Acianthera ochreata,-40.15,-11.15
Acianthera ochreata,-41.193056,-11.187778
Acianthera ochreata,-41.192778,-11.185556
Acianthera ochreata,-41.15,-11.15
Acianthera ochreata,-41.163056,-11.154722
Acianthera ochreata,-41.891389,-13.898333
Acianthera ochreata,-40.216667,-10.216667
Acianthera ochreata,-41.426944,-12.4225
Acianthera ochreata,-40.67,-11.676111
Acianthera ochreata,-41,-11
Acianthera ochreata,-40.318889,-12.3325
Acianthera ochreata,-40.478611,-12.47
Acianthera ochreata,-40.998611,-11.9925
Acianthera ochreata,-41.206944,-11.208611
Acianthera ochreata,-41.185833,-11.192778
Acianthera ochreata,-41.027222,-11.017778
Acianthera ochreata,-40.494444,-11.489167
Acianthera ochreata,-41.001111,-11.011389
Acianthera ochreata,-41.280278,-10.274444
Acianthera ochreata,-40.513889,-11.509722
Acianthera ochreata,-41.433333,-12.433333
Acianthera ochreata,-40.655278,-11.655278
Acianthera ochreata,-41.207222,-11.207778
Acianthera ochreata,-41.341667,-12.341667
Acianthera ochreata,-40.506111,-11.511667
Acianthera ochreata,-41.316667,-10.316667
Acianthera ochreata,-41.9,-13.9
Acianthera ochreata,-41.766667,-13.766667
Acianthera ochreata,-41.206667,-11.2075
Acianthera ochreata,-41.466667,-12.466667
Acianthera ochreata,-41.45,-12.45
Acianthera ochreata,-41.866667,-13.866667
Acianthera ochreata,-41.133333,-11.133333
Acianthera ochreata,-41.000444,-11.627805
Acianthera ochreata,-40.367333,-10.670444
Acianthera ochreata,-37.236638,-8.588916
Acianthera ochreata,-40.223944,-10.354222
Acianthera ochreata,-38.555527,-7.822722
Acianthera ochreata,-39.33975,-10.437638
Acianthera ochreata,-38.064666,-7.823277
Acianthera ochreata,-38.055527,-7.822722
Acianthera ochreata,-41.207416,-11.590722
Acianthera ochreata,-36.408333,-8.191666
Acianthera ochreata,-41.207777,-11.591111
Acianthera ochreata,-40.513889,-11.193056
Acianthera ochreata,-41,-11.616667
Acianthera ochreata,-41.318889,-12.965833
Acianthera ochreata,-41.35,-12.983333
Acianthera ochreata,-41.206667,-11.590833
Acianthera ochreata,-41.454167,-12.466944
Acianthera ochreata,-41.421389,-12.465
Acianthera ochreata,-41.471111,-12.456389
Acianthera ochreata,-41.383333,-12.566667
Acianthera ochreata,-36.061111,-7.076944
Acianthera ochreata,-35.775,-7.355278
Acianthera ochreata,-41.313333,-10.341944
Acianthera ochreata,-41.206944,-11.591944
Acianthera ochreata,-40.671333,-11.673111
Acianthera ochreata,-41.993333,-12.431111
Acianthera ochreata,-36.191472,-8.235639
Acianthera ochreata,-36.010444,-8.391583
Acianthera ochreata,-36.435,-8.240833
Acianthera ochreata,-38.076667,-7.831389
Acianthera ochreata,-35.753333,-8.327222
Acianthera ochreata,-35.843944,-8.381944
Acianthera ochreata,-36.019167,-8.410639
Acianthera ochreata,-35.834167,-8.336944
Acianthera ochreata,-36.409139,-8.196917
Acianthera ochreata,-38.056056,-7.822833
Acianthera ochreata,-36.38675,-8.247556
Acianthera ochreata,-41.471389,-12.457778
Acianthera ochreata,-41.701944,-12.75
Acianthera ochreata,-41.75,-12.785278
Acianthera ochreata,-35.843889,-8.381944
Acianthera ochreata,-40.999722,-11.625
Acianthera ochreata,-40.536111,-11.396944
Acianthera ochreata,-42.17,-13.25
Acianthera ochreata,-35.796902,-8.23333
Acianthera ochreata,-36.6964,-8.35778
Acianthera ochreata,-36.142799,-8.32583
Acianthera ochreata,-35.944698,-8.45806
Acianthera prolifera,-41.266667,-13.7
Acianthera prolifera,-41.45,-12.5
Acianthera prolifera,-41.466667,-12.45
Acianthera prolifera,-41.45,-12.466667
Acianthera prolifera,-41.416667,-12.45
Acianthera prolifera,-41.517395,-12.551034
Acianthera prolifera,-41.452778,-12.456667
Acianthera prolifera,-41.27,-13.7
Acianthera prolifera,-41.9,-13.23
Acianthera prolifera,-41.55,-12.516667
Acianthera prolifera,-41.211667,-11.5975
Acianthera prolifera,-41.465889,-12.60375
Acianthera prolifera,-41.882222,-13.325833
Acianthera prolifera,-41.38333,-12.56666
Acianthera prolifera,-41.466667,-12.466667
Acianthera prolifera,-41.470833,-12.472222
Acianthera prolifera,-41.383333,-12.383333
Acianthera prolifera,-41.883333,-13.883333
Acianthera prolifera,-41.45,-12.45
Acianthera prolifera,-41.483333,-12.483333
Acianthera prolifera,-41.470833,-12.455556
Acianthera prolifera,-41.75,-12.75
Acianthera saundersiana,-41.88,-13.27
Acianthera saundersiana,-41.882222,-13.325833
Acianthera saundersiana,-38.961944,-4.237222
Acianthera saundersiana,-41.883333,-13.883333
Acianthera saundersiana,-38.970583,-4.20675
Acianthera saundersiana,-38.970556,-4.207222
Acianthera teres,-41.273056,-11.496111
Acianthera teres,-40.518056,-11.180833
Acianthera teres,-41.155833,-11.550278
Acianthera teres,-41.1558252,-11.5539318
Acianthera teres,-40.5180838,-11.1844226
Anathallis aristulata,-41.383333,-13.383333
Anathallis aristulata,-41.37,-13.371111
Anathallis barbulata,-39.499139,-3.657139
Anathallis microphyta,-40.594796,-11.428702
Anathallis microphyta,-36.405278,-8.413611
Anathallis microphyta,-41.027222,-11.017778
Anathallis montipelladensis,-41.95,-13.533333
Anathallis montipelladensis,-42,-13.516667
Anathallis montipelladensis,-41.966667,-13.516667
Anathallis montipelladensis,-41.906667,-13.541111
Anathallis montipelladensis,-42,-13.52
Anathallis montipelladensis,-41.95,-13.53
Anathallis montipelladensis,-41.65,-13.233333
Aspidogyne argentea,-36.833333,-9.184414
Aspidogyne argentea,-36.399056,-8.215528
Aspidogyne foliosa,-38.720556,-3.895556
Aspidogyne foliosa,-37.078911,-9.627964
Aspidogyne foliosa,-38.718889,-3.904444
Aspidogyne foliosa,-38.716667,-3.883333
Aspidogyne foliosa,-35.514444,-7.515278
Aspidogyne foliosa,-36.489636,-9.394228
Aspidogyne foliosa,-36.572067,-9.526233
Aspidogyne foliosa,-36.572231,-9.526475
Aspidogyne foliosa,-36.504861,-9.402825
Aspidogyne foliosa,-37.542661,-10.308642
Aspidogyne foliosa,-38.72,-3.88
Aspidogyne foliosa,-38.72,-3.9
Aspidogyne foliosa,-39.533333,-12.533333
Aspidogyne foliosa,-39.475556,-12.468333
Aspidogyne foliosa,-38.961944,-4.237222
Aspidogyne rosea,-41.99722,-12.18306
Barbosella crassifolia,-41.933334,-13.533333
Barbosella crassifolia,-41.93,-13.53
Barbosella crassifolia,-41.933333,-13.533333
Bifrenaria aureofulva,-41.266667,-13.7
Bifrenaria aureofulva,-41.27,-13.7
Bifrenaria aureofulva,-41.9,-13.25
Bifrenaria aureofulva,-41.9,-13.9
Bifrenaria aureofulva,-41.95,-13.95
Bifrenaria aureofulva,-42.515,-14.895556
Bifrenaria tyrianthina,-41.85,-13.333333
Bifrenaria tyrianthina,-41.95,-13.533333
Bifrenaria tyrianthina,-41.366389,-13.065833
Bifrenaria tyrianthina,-41.95,-13.53
Bifrenaria tyrianthina,-41.85,-13.33
Bifrenaria tyrianthina,-42.466667,-14.066667
Bifrenaria tyrianthina,-41.511389,-12.506111
Bifrenaria tyrianthina,-41.85,-13.859722
Bifrenaria tyrianthina,-41.2,-11.2
Bifrenaria tyrianthina,-41.5,-12.5
Bifrenaria tyrianthina,-41.95,-13.95
Bifrenaria tyrianthina,-41.85,-13.85
Bletia catenulata,-41.323754,-12.947362
Bletia catenulata,-41.912222,-13.911389
Brachystele cyclochila,-41.8,-13.566667
Brassavola ceboletta,-39.33,-10.45
Brassavola subulifolia,-39.33333,-10.45
Brassavola tuberculata,-41.033275,-11.553815
Brassavola tuberculata,-36.043056,-8.448056
Brassavola tuberculata,-35.723611,-6.0925
Brassavola tuberculata,-35.776944,-6.440833
Brassavola tuberculata,-35.699167,-6.424444
Brassavola tuberculata,-36.061111,-7.073889
Brassavola tuberculata,-35.998524,-5.759156
Brassavola tuberculata,-36.264597,-7.376226
Brassavola tuberculata,-36.265231,-7.37635
Brassavola tuberculata,-35.753333,-8.330833
Brassavola tuberculata,-41.828889,-12.651944
Brassavola tuberculata,-37.325794,-9.906181
Brassavola tuberculata,-38.183333,-10.708333
Brassavola tuberculata,-37.39,-10.550278
Brassavola tuberculata,-38.11,-10.423056
Brassavola tuberculata,-36.305556,-8.316667
Brassavola tuberculata,-37.628611,-10.863611
Brassavola tuberculata,-37.65,-10.917222
Brassavola tuberculata,-38.566944,-9.435639
Brassavola tuberculata,-38.821211,-9.752331
Brassavola tuberculata,-37.058728,-9.683628
Brassavola tuberculata,-36.107778,-8.200278
Brassavola tuberculata,-39.333333,-10.45
Brassavola tuberculata,-36.385,-8.240833
Brassavola tuberculata,-35.753333,-8.327222
Brassavola tuberculata,-36.067778,-8.070556
Brassavola tuberculata,-35.5825,-6.5825
Brassavola tuberculata,-40.980556,-12.981389
Brassavola tuberculata,-41.798333,-13.789444
Brassavola tuberculata,-41.225278,-11.229722
Brassavola tuberculata,-36.407778,-8.410833
Brassavola tuberculata,-40.980556,-12.982222
Brassavola tuberculata,-36.384944,-8.24075
Brassavola tuberculata,-35.755777,-8.328972
Brassavola tuberculata,-35.666667,-6.45
Brassavola tuberculata,-35.741667,-6.558333
Brassavola tuberculata,-36.067778,-8.353889
Brassavola tuberculata,-35.8375,-8.3325
Brassavola tuberculata,-35.755778,-8.328972
Brassavola tuberculata,-35.833333,-7.25
Brassavola tuberculata,-35.796902,-8.23333
Bulbophyllum exaltatum,-41.341667,-12.341667
Bulbophyllum exaltatum,-40.695222,-11.241194
Bulbophyllum exaltatum,-41.208111,-11.59225
Bulbophyllum exaltatum,-40.9975,-11.623333
Bulbophyllum exaltatum,-41.412778,-13.011944
Bulbophyllum exaltatum,-42.558056,-14.697778
Bulbophyllum exaltatum,-41.904444,-13.093056
Bulbophyllum exaltatum,-41.45,-12.45
Bulbophyllum exaltatum,-40.7025,-11.254444
Bulbophyllum exaltatum,-41.866111,-13.045833
Bulbophyllum exaltatum,-41.23,-11.411389
Bulbophyllum exaltatum,-41.844444,-13.098611
Bulbophyllum exaltatum,-41.85,-13.3
Bulbophyllum exaltatum,-40.999167,-11.625833
Bulbophyllum exaltatum,-40.15,-11.55
Bulbophyllum exaltatum,-40.518056,-11.180833
Bulbophyllum exaltatum,-41.155833,-11.550278
Bulbophyllum exaltatum,-41.43,-12.47
Bulbophyllum exaltatum,-41.569444,-13.6725
Bulbophyllum exaltatum,-40.703056,-11.253056
Bulbophyllum exaltatum,-41.422222,-12.456389
Bulbophyllum exaltatum,-41.001389,-11.635833
Bulbophyllum exaltatum,-41.15,-11.55
Bulbophyllum exaltatum,-41.894167,-13.08
Bulbophyllum exaltatum,-41.195833,-11.45
Bulbophyllum exaltatum,-40.633333,-11.083333
Bulbophyllum exaltatum,-41.375564,-12.558031
Bulbophyllum exaltatum,-41.1558252,-11.5539318
Bulbophyllum exaltatum,-40.5180838,-11.1844226
Bulbophyllum exaltatum,-42.546389,-14.338611
Bulbophyllum exaltatum,-41.209444,-11.207778
Bulbophyllum exaltatum,-40.905833,-11.909167
Bulbophyllum exaltatum,-41.414167,-10.331667
Bulbophyllum exaltatum,-41.765278,-13.7575
Bulbophyllum exaltatum,-41.937222,-13.9375
Bulbophyllum exaltatum,-41.103889,-11.100833
Bulbophyllum exaltatum,-40.15,-11.15
Bulbophyllum exaltatum,-40.996389,-11.989444
Bulbophyllum exaltatum,-40.67,-11.676111
Bulbophyllum exaltatum,-41.413056,-13.411944
Bulbophyllum exaltatum,-40.996667,-11.989444
Bulbophyllum exaltatum,-41.995833,-12.994444
Bulbophyllum exaltatum,-40.999722,-11.991944
Bulbophyllum exaltatum,-41.413056,-13.411667
Bulbophyllum exaltatum,-41.37,-13.371111
Bulbophyllum exaltatum,-40.998611,-11.9925
Bulbophyllum exaltatum,-41.15,-11.15
Bulbophyllum exaltatum,-41.027222,-11.017778
Bulbophyllum exaltatum,-41.150556,-11.161111
Bulbophyllum exaltatum,-41,-11
Bulbophyllum exaltatum,-41.766667,-13.766667
Bulbophyllum exaltatum,-40.655278,-11.655278
Bulbophyllum exaltatum,-41.165,-11.158889
Bulbophyllum exaltatum,-41.164722,-11.153333
Bulbophyllum exaltatum,-41.316667,-10.316667
Bulbophyllum exaltatum,-41.833333,-13.833333
Bulbophyllum exaltatum,-41.866667,-13.866667
Bulbophyllum exaltatum,-41.133333,-11.133333
Bulbophyllum exaltatum,-41.418611,-12.450833
Bulbophyllum exaltatum,-41.433333,-12.466667
Bulbophyllum exaltatum,-41.862778,-12.407778
Bulbophyllum exaltatum,-41.316667,-10.366667
Bulbophyllum exaltatum,-41.164722,-11.57
Bulbophyllum geraense,-41.418611,-12.450833
Bulbophyllum geraense,-41.43333,-12.46667
Bulbophyllum involutum,-41.866667,-13.283333
Bulbophyllum involutum,-41.866667,-13.3
Bulbophyllum involutum,-41.85,-13.3
Bulbophyllum involutum,-41.85,-13.85
Bulbophyllum involutum,-41.3,-13.3
Bulbophyllum involutum,-41.87,-13.28
Bulbophyllum involutum,-41.87,-13.3
Bulbophyllum involutum,-41.3,-13.05
Bulbophyllum involutum,-41.88,-13.55
Bulbophyllum involutum,-41.88333,-13.55
Bulbophyllum involutum,-41.905139,-13.526444
Bulbophyllum involutum,-41.873333,-13.875833
Bulbophyllum involutum,-41.37,-13.371111
Bulbophyllum involutum,-41.883333,-13.55
Bulbophyllum involutum,-41.37,-13.004444
Bulbophyllum involutum,-40.701389,-11.243889
Bulbophyllum involutum,-40.694722,-11.240833
Bulbophyllum involutum,-41.873333,-13.459167
Bulbophyllum ipanemense,-41.833333,-13.033333
Bulbophyllum ipanemense,-40.633333,-11.083333
Bulbophyllum ipanemense,-41.433333,-12.466667
Bulbophyllum ipanemense,-41.880278,-13.043889
Bulbophyllum ipanemense,-41.43,-12.47
Bulbophyllum ipanemense,-41.83,-13.03
Bulbophyllum ipanemense,-40.63,-11.08
Bulbophyllum ipanemense,-40,-11
Bulbophyllum ipanemense,-41.87,-13.28
Bulbophyllum ipanemense,-41.85,-13.3
Bulbophyllum ipanemense,-41.87,-13.3
Bulbophyllum ipanemense,-41.772778,-13.151944
Bulbophyllum ipanemense,-41.7728657,-13.15557
Bulbophyllum ipanemense,-41.189722,-11.183333
Bulbophyllum ipanemense,-41.55,-13.55
Bulbophyllum kautskyi,-39.466667,-12.466667
Bulbophyllum manarae,-38.066667,-11.55
Bulbophyllum manarae,-40.996667,-11.989444
Bulbophyllum manarae,-40.997222,-11.989444
Bulbophyllum mentosum,-41.883334,-13.05
Bulbophyllum mentosum,-41.9,-13.066667
Bulbophyllum mentosum,-41.9,-13.116667
Bulbophyllum mentosum,-41.886389,-13.893889
Bulbophyllum mentosum,-41.9,-13.9
Bulbophyllum mentosum,-41.991667,-12.428056
Bulbophyllum mentosum,-41.75,-13.233333
Bulbophyllum mentosum,-41.894167,-13.08
Bulbophyllum mentosum,-41.886556,-13.059333
Bulbophyllum mentosum,-41.993417,-12.430056
Bulbophyllum mentosum,-41.914444,-13.157222
Bulbophyllum mentosum,-41.55,-12.55
Bulbophyllum mentosum,-41.9,-13.07
Bulbophyllum mentosum,-41.9,-13.12
Bulbophyllum mentosum,-41.995833,-12.994444
Bulbophyllum mentosum,-41.883333,-13.05
Bulbophyllum mentosum,-41.886389,-13.060556
Bulbophyllum meridense,-36.956203,-9.884653
Bulbophyllum meridense,-40.478333,-12.4675
Bulbophyllum meridense,-36.405278,-8.413611
Bulbophyllum micropetaliforme,-41.909167,-13.287222
Bulbophyllum micropetaliforme,-41.866111,-13.045833
Bulbophyllum micropetaliforme,-41.909083,-13.287222
Bulbophyllum micropetaliforme,-41.481389,-12.469444
Bulbophyllum napellii,-41.5,-12.5
Bulbophyllum napellii,-41.475,-12.470833
Bulbophyllum plumosum,-41.866667,-13.866667
Bulbophyllum plumosum,-41.150556,-11.161111
Bulbophyllum plumosum,-41.511389,-12.756111
Bulbophyllum plumosum,-41.511389,-12.506111
Bulbophyllum plumosum,-40.997222,-11.989444
Bulbophyllum meridense,-40.329806,-10.531417
Bulbophyllum weddellii,-41.371944,-13.368889
Bulbophyllum weddellii,-41.627222,-13.6675
Bulbophyllum weddellii,-41.339167,-13.336944
Bulbophyllum weddellii,-41.188781,-11.566921
Bulbophyllum weddellii,-42.133333,-12.133333
Bulbophyllum weddellii,-41.316667,-12.8
Bulbophyllum weddellii,-41.945278,-13.949444
Bulbophyllum weddellii,-41.37,-13.371111
Bulbophyllum weddellii,-42.516492,-14.897767
Campylocentrum crassirhizum,-35.742222,-6.9575
Campylocentrum crassirhizum,-41.316667,-12.316667
Campylocentrum crassirhizum,-36.385,-8.240833
Campylocentrum crassirhizum,-35.425278,-5.589722
Campylocentrum crassirhizum,-35.433056,-5.594167
Campylocentrum crassirhizum,-35.427778,-5.584444
Campylocentrum crassirhizum,-41.45,-12.466667
Campylocentrum crassirhizum,-41.316667,-12.65
Campylocentrum crassirhizum,-36.930556,-10.036419
Campylocentrum crassirhizum,-38.92,-4.271111
Campylocentrum crassirhizum,-35.765,-6.974722
Campylocentrum crassirhizum,-38.970556,-4.207222
Campylocentrum crassirhizum,-40.751667,-13.8875
Campylocentrum crassirhizum,-38.216667,-9.4
Campylocentrum crassirhizum,-41.256944,-12.225833
Campylocentrum crassirhizum,-37.39,-10.550278
Campylocentrum crassirhizum,-37.410278,-9.481944
Campylocentrum crassirhizum,-37.483889,-10.441667
Campylocentrum crassirhizum,-37.811111,-10.738333
Campylocentrum crassirhizum,-37.65,-10.917222
Campylocentrum crassirhizum,-37.684167,-9.805278
Campylocentrum crassirhizum,-35.765,-6.973889
Campylocentrum crassirhizum,-36.409167,-8.201667
Campylocentrum crassirhizum,-40.751556,-13.8875
Campylocentrum crassirhizum,-36.572231,-9.526475
Campylocentrum crassirhizum,-37.423203,-9.617808
Campylocentrum crassirhizum,-36.639739,-9.801019
Campylocentrum crassirhizum,-37.058489,-9.682869
Campylocentrum crassirhizum,-36.572067,-9.526233
Campylocentrum crassirhizum,-37.594436,-10.225925
Campylocentrum crassirhizum,-36.956203,-9.884653
Campylocentrum crassirhizum,-35.843889,-8.381944
Campylocentrum crassirhizum,-39.568611,-7.994167
Campylocentrum crassirhizum,-41.468056,-12.471389
Campylocentrum crassirhizum,-41.218056,-11.231667
Campylocentrum crassirhizum,-41.0475,-11.048333
Campylocentrum crassirhizum,-39.083056,-10.072222
Campylocentrum crassirhizum,-38.483333,-9.483333
Campylocentrum crassirhizum,-38.126388,-9.071888
Campylocentrum crassirhizum,-36.785,-9.001666
Campylocentrum crassirhizum,-36.787083,-9.009944
Campylocentrum crassirhizum,-38.903639,-4.271056
Campylocentrum crassirhizum,-35.741755,-6.971994
Campylocentrum crassirhizum,-36.010444,-8.391583
Campylocentrum crassirhizum,-35.843944,-8.381944
Campylocentrum crassirhizum,-35.796902,-8.23333
Campylocentrum micranthum,-38.961944,-4.237222
Campylocentrum micranthum,-41.084079,-11.438865
Campylocentrum micranthum,-36.639739,-9.801019
Campylocentrum micranthum,-36.956203,-9.884653
Campylocentrum neglectum,-42.299167,-12.600278
Campylocentrum neglectum,-36.043319,-8.354358
Campylocentrum ornithorrhynchum,-36.932067,-10.052769
Campylocentrum pachyrrhizum,-36.572231,-9.526475
Campylocentrum parahybunense,-39.471667,-12.469444
Campylocentrum pauloense,-41.416667,-12.45
Campylocentrum pernambucense,-36.572231,-9.526467
Campylocentrum pernambucense,-40.183333,-13.183333
Campylocentrum robustum,-39.775,-10.922222
Campylocentrum robustum,-39.204167,-11.210278
Campylocentrum robustum,-41.000278,-14.001667
Campylocentrum robustum,-40.122222,-13.124167
Campylocentrum robustum,-40.491111,-12.485
Campylocentrum robustum,-40.416667,-12.416667
Campylocentrum sellowii,-41.168889,-11.496944
Campylocentrum sellowii,-41.8,-13.3
Campylocentrum sellowii,-39.9014,-6.24494
Campylocentrum sellowii,-41.000278,-14.001667
Campylocentrum sellowii,-41.103889,-11.100833
Campylocentrum sellowii,-41.225278,-11.229722
Campylocentrum sellowii,-41.8,-13.8
Catasetum barbatum,-39.327833,-7.325365
Catasetum barbatum,-37.155833,-8.623333
Catasetum barbatum,-39.450833,-7.461389
Catasetum barbatum,-40.0457536,-7.2163169
Catasetum barbatum,-38.618611,-6.6425
Catasetum barbatum,-37.322122,-8.548527
Catasetum barbatum,-39.305805,-8.222222
Catasetum barbatum,-39.348611,-7.407778
Catasetum barbatum,-35.843944,-8.381944
Catasetum barbatum,-38.36452778,-9.169638889
Catasetum blackii,-42.280278,-12.221944
Catasetum blackii,-39.266667,-12.583333
Catasetum discolor,-35.436944,-6.637778
Catasetum discolor,-35.623056,-5.654722
Catasetum discolor,-41.65,-12.0625
Catasetum discolor,-40.850444,-4.121361
Catasetum luridum,-40.144111,-10.51475
Catasetum luridum,-40.300089,-11.300278
Catasetum hookeri,-41.141111,-11.133889
Catasetum hookeri,-37.410278,-9.481944
Catasetum hookeri,-37.410833,-9.481944
Catasetum hookeri,-37.684167,-9.805278
Catasetum hookeri,-37.838611,-10.551389
Catasetum hookeri,-37.685833,-9.805278
Catasetum hookeri,-40,-11.366667
Catasetum hookeri,-41.2,-11.2
Catasetum hookeri,-40.4825,-12.475833
Catasetum hookeri,-41.085833,-11.095
Catasetum hookeri,-37.1558,-8.62306
Catasetum labiatum,-40.129,-10.229666
Catasetum lanciferum,-39.416667,-7
Catasetum luridum,-38.483333,-9.483333
Catasetum luridum,-39.332222,-9.323056
Catasetum luridum,-39.7,-12.7
Catasetum luridum,-40.600556,-11.609167
Catasetum luridum,-41.016456,-10.671966
Catasetum luridum,-38.216667,-9.4
Catasetum luridum,-41.283889,-12.241111
Catasetum luridum,-40.418922,-9.645083
Catasetum luridum,-39.183333,-11.183333
Catasetum luridum,-39.266667,-11.55
Catasetum luridum,-39.766667,-12.7
Catasetum luridum,-39.202778,-11.206389
Catasetum luridum,-41.304444,-11.311667
Catasetum luridum,-41.306667,-11.310556
Catasetum luridum,-41.024444,-11.031111
Catasetum luridum,-41.213333,-11.215278
Catasetum luridum,-39.871944,-10.876389
Catasetum luridum,-39.616667,-12.616667
Catasetum luridum,-40.114444,-13.110278
Catasetum luridum,-39.766667,-12.766667
Catasetum luridum,-39.712222,-12.705
Catasetum luridum,-39.332222,-9.723056
Catasetum luridum,-39.2052778,-11.5083333
Catasetum macrocarpum,-38.981944,-4.258889
Catasetum macrocarpum,-35.530594,-6.843138
Catasetum macrocarpum,-36.975156,-9.899536
Catasetum macrocarpum,-35.492259,-6.851147
Catasetum macrocarpum,-38.85185,-4.185695
Catasetum macrocarpum,-36.572067,-9.518519
Catasetum macrocarpum,-38.981972,-4.258889
Catasetum macrocarpum,-36.847778,-8.079444
Catasetum planiceps,-41.610667,-3.585722
Catasetum purum,-40.238611,-10.258888
Catasetum purum,-37.868611,-9.980833
Catasetum purum,-40.135611,-10.231222
Catasetum purum,-39.083056,-10.072222
Catasetum purum,-37.252222,-8.532722
Catasetum purum,-37.864869,-8.782886
Catasetum purum,-37.250055,-8.533055
Catasetum purum,-37.248805,-8.533083
Catasetum purum,-37.248222,-8.532222
Catasetum purum,-41.280861,-10.514194
Catasetum purum,-40.128888,-10.229444
Catasetum purum,-38.428056,-9.446528
Catasetum uncatum,-38.340792,-9.973609
Catasetum uncatum,-38.237002,-9.922457
Catasetum uncatum,-38.56839,-10.697417
Catasetum uncatum,-38.183333,-10.708333
Catasetum uncatum,-37.410278,-9.481944
Catasetum uncatum,-38.11,-10.423056
Catasetum uncatum,-37.684167,-9.805278
Catasetum uncatum,-37.39,-10.550278
Catasetum uncatum,-37.65,-10.917222
Catasetum uncatum,-37.008225,-8.309239
Catasetum uncatum,-37.058728,-9.683628
Catasetum uncatum,-37.893889,-9.312222
Catasetum uncatum,-37.423203,-9.617808
Catasetum uncatum,-38.5302,-9.450386
Catasetum uncatum,-38.136744,-9.468572
Catasetum uncatum,-38.487631,-9.446836
Catasetum uncatum,-40.285186,-13.166667
Catasetum uncatum,-38.223989,-10.490817
Catasetum uncatum,-37.603758,-9.377956
Catasetum uncatum,-38.383342,-9.708094
Catasetum uncatum,-37.414722,-9.639806
Catasetum uncatum,-37.446389,-9.514667
Catasetum uncatum,-38.566958,-9.437111
Cattleya aclandiae,-35.72,-7.032778
Cattleya cernua,-36.574439,-9.518953
Cattleya amethystoglossa,-40.701944,-11.250833
Cattleya amethystoglossa,-41.235833,-11.247778
Cattleya amethystoglossa,-40.183333,-13.933333
Cattleya luetzelburgii,-41.299444,-12.973611
Cattleya luetzelburgii,-41.751667,-13.166667
Cattleya luetzelburgii,-41.345,-12.986389
Cattleya elongata,-41.866667,-13.3
Cattleya elongata,-41.033333,-11.633333
Cattleya elongata,-41.466667,-12.45
Cattleya elongata,-41.4,-12.566667
Cattleya elongata,-41.416667,-13.016667
Cattleya elongata,-41.316667,-12.9
Cattleya elongata,-41.433333,-12.466667
Cattleya elongata,-41.462332,-12.448875
Cattleya elongata,-41.85,-13.85
Cattleya elongata,-41.45,-12.45
Cattleya elongata,-41.200833,-11.2
Cattleya elongata,-41.319167,-12.323333
Cattleya elongata,-41.003056,-11.011111
Cattleya elongata,-41.000833,-11.006667
Cattleya elongata,-41.409444,-12.400278
Cattleya elongata,-41.001111,-11.011389
Cattleya elongata,-41.62,-13.024167
Cattleya elongata,-41.15,-11.15
Cattleya elongata,-41.472057,-12.458393
Cattleya elongata,-41.273056,-11.496111
Cattleya elongata,-41.411922,-12.532386
Cattleya elongata,-41,-13
Cattleya elongata,-41.471802,-12.459114
Cattleya elongata,-41.324444,-12.801111
Cattleya elongata,-41.65,-12.933333
Cattleya elongata,-41.446667,-12.463889
Cattleya elongata,-41.45,-12.466667
Cattleya elongata,-41.418333,-12.575833
Cattleya elongata,-41.366667,-13
Cattleya elongata,-41.15,-11.55
Cattleya elongata,-41.316667,-12.8
Cattleya elongata,-41.001111,-11.628056
Cattleya elongata,-40.999722,-11.625833
Cattleya elongata,-41.323196,-12.890854
Cattleya elongata,-41.137066,-11.40536
Cattleya elongata,-41.471929,-12.45938
Cattleya elongata,-41.471796,-12.459264
Cattleya elongata,-41.419181,-13.017576
Cattleya elongata,-41.341982,-12.992264
Cattleya elongata,-41.473068,-12.455664
Cattleya elongata,-41.42,-13.02
Cattleya elongata,-41.03,-11.63
Cattleya elongata,-40.15,-11.55
Cattleya elongata,-41.766667,-13.766667
Cattleya elongata,-41.023889,-11.023611
Cattleya elongata,-41.001389,-11.625
Cattleya elongata,-41.120556,-11.915833
Cattleya elongata,-41.77,-13.15
Cattleya elongata,-41.85,-13.28
Cattleya elongata,-41.87,-13.3
Cattleya elongata,-41.155833,-11.550278
Cattleya elongata,-41.770278,-12.418611
Cattleya elongata,-41.370556,-13.005556
Cattleya elongata,-41.558889,-12.529167
Cattleya elongata,-41.95,-13.52
Cattleya elongata,-41.471389,-12.458611
Cattleya elongata,-41.270278,-12.991111
Cattleya elongata,-41.066667,-11.583333
Cattleya elongata,-41.764444,-13.151111
Cattleya elongata,-41.340833,-12.988333
Cattleya elongata,-41.383333,-12.566667
Cattleya elongata,-41.003056,-11.627778
Cattleya elongata,-41.03333,-11.63333
Cattleya elongata,-41.41667,-13.01667
Cattleya elongata,-41.416667,-12.45
Cattleya elongata,-40.003056,-11.627778
Cattleya elongata,-41.198857,-13.380972
Cattleya elongata,-41.34333,-12.97833
Cattleya elongata,-41.350604,-12.991537
Cattleya elongata,-41.3706394,-13.0092667
Cattleya elongata,-41.1558252,-11.5539318
Cattleya elongata,-41.120483,-11.915867
Cattleya elongata,-41.5589516,-12.5328554
Cattleya elongata,-41.001517,-11.625
Cattleya elongata,-41.7703654,-12.4222527
Cattleya elongata,-41.266699,-12.840867
Cattleya elongata,-41.333356,-12.626319
Cattleya elongata,-41.343333,-12.978333
Cattleya elongata,-41.213056,-13.200833
Cattleya elongata,-41.471389,-12.475278
Cattleya elongata,-41.765,-13.750833
Cattleya elongata,-41.383333,-12.383333
Cattleya elongata,-41.477778,-12.473611
Cattleya elongata,-40.000556,-11
Cattleya elongata,-41.333333,-12.333333
Cattleya elongata,-41.845,-13.846944
Cattleya elongata,-41.764167,-13.751111
Cattleya elongata,-41.391667,-12.385833
Cattleya elongata,-41.024444,-11.024444
Cattleya elongata,-41.678056,-12.674722
Cattleya elongata,-41.311111,-12.315833
Cattleya elongata,-41.211944,-13.201111
Cattleya elongata,-41.485,-12.497222
Cattleya elongata,-41.341944,-12.341111
Cattleya elongata,-41.999444,-11.9925
Cattleya elongata,-41.116667,-12.116667
Cattleya elongata,-41.341667,-12.341667
Cattleya elongata,-41.433333,-12.433333
Cattleya elongata,-41.866667,-13.866667
Cattleya elongata,-41.133333,-11.133333
Cattleya elongata,-41.334138,-12.97475
Cattleya elongata,-41,-11.616667
Cattleya elongata,-41.433333,-12.45
Cattleya elongata,-41.116667,-11.9
Cattleya elongata,-41.95,-13.516667
Cattleya elongata,-41.471389,-12.691111
Cattleya elongata,-41.333333,-12.533333
Cattleya elongata,-41.725833,-12.75
Cattleya granulosa,-35.4825,-6.633889
Cattleya granulosa,-35.351944,-5.89
Cattleya labiata,-36.392778,-8.388889
Cattleya labiata,-38.815,-3.895556
Cattleya labiata,-38.7295,-3.896361
Cattleya labiata,-37.573997,-9.406367
Cattleya labiata,-36.02521,-8.359165
Cattleya labiata,-41.1125,-12.097778
Cattleya labiata,-37.684167,-9.805278
Cattleya labiata,-37.410278,-9.481944
Cattleya labiata,-37.87,-9.981944
Cattleya labiata,-37.594436,-10.225925
Cattleya labiata,-36.786389,-9.541361
Cattleya labiata,-36.721311,-9.388897
Cattleya labiata,-36.772431,-9.497014
Cattleya labiata,-36.639739,-9.801019
Cattleya labiata,-37.058728,-9.683628
Cattleya labiata,-36.639506,-9.800772
Cattleya labiata,-37.603086,-9.377469
Cattleya labiata,-36.722378,-9.433758
Cattleya labiata,-36.7,-9.404631
Cattleya labiata,-35.983056,-7.969444
Cattleya labiata,-36.024444,-7.022222
Cattleya labiata,-35.614722,-6.606667
Cattleya labiata,-36.407778,-8.410278
Cattleya labiata,-38.815111,-3.895611
Cattleya labiata,-38.725222,-3.913333
Cattleya labiata,-38.919556,-4.298417
Cattleya labiata,-36.414278,-8.208417
Cattleya labiata,-35.978889,-8.354167
Cattleya luetzelburgii,-41.760833,-13.150278
Cattleya luetzelburgii,-41.773611,-13.121389
Cattleya luetzelburgii,-41.85,-13.316667
Cattleya luetzelburgii,-42.4,-13.816667
Cattleya luetzelburgii,-41.85,-13.3
Cattleya luetzelburgii,-42.316667,-13.85
Cattleya luetzelburgii,-41.933334,-13.533333
Cattleya luetzelburgii,-41.95,-13.533333
Cattleya luetzelburgii,-42.35,-13.833333
Cattleya luetzelburgii,-41.9,-13.3
Cattleya luetzelburgii,-41.966667,-13.533333
Cattleya luetzelburgii,-41.85,-13.466667
Cattleya luetzelburgii,-41.85,-13.483333
Cattleya luetzelburgii,-41.697125,-13.72892
Cattleya luetzelburgii,-42.4,-13.4
Cattleya luetzelburgii,-41.85,-13.85
Cattleya luetzelburgii,-41.9,-13.9
Cattleya luetzelburgii,-41.3,-12.3
Cattleya luetzelburgii,-41.783333,-13.783333
Cattleya luetzelburgii,-41.933333,-13.933333
Cattleya luetzelburgii,-41.896944,-13.888889
Cattleya luetzelburgii,-41.62,-13.024167
Cattleya luetzelburgii,-41.851111,-13.861944
Cattleya luetzelburgii,-41.883333,-13.383333
Cattleya luetzelburgii,-42.256389,-13.758611
Cattleya luetzelburgii,-41.366667,-13
Cattleya luetzelburgii,-41.299444,-12.973889
Cattleya luetzelburgii,-41.910556,-13.535
Cattleya luetzelburgii,-41.800833,-13.552222
Cattleya luetzelburgii,-41.933333,-13.533333
Cattleya luetzelburgii,-41.334542,-12.974405
Cattleya luetzelburgii,-41.341982,-12.992264
Cattleya luetzelburgii,-41.341489,-12.994713
Cattleya luetzelburgii,-42.316667,-13.316667
Cattleya luetzelburgii,-41.885556,-13.899167
Cattleya luetzelburgii,-41.3,-12.25
Cattleya luetzelburgii,-41.319167,-12.323333
Cattleya luetzelburgii,-41.3,-13.05
Cattleya luetzelburgii,-42.35,-13.83
Cattleya luetzelburgii,-42.4,-13.82
Cattleya luetzelburgii,-42.32,-13.85
Cattleya luetzelburgii,-41.93,-13.53
Cattleya luetzelburgii,-41.733333,-13.266667
Cattleya luetzelburgii,-41.349167,-12.988889
Cattleya luetzelburgii,-41.383333,-12.566667
Cattleya luetzelburgii,-41.3,-13.583333
Cattleya luetzelburgii,-41.758611,-13.206389
Cattleya luetzelburgii,-41.860278,-13.082778
Cattleya luetzelburgii,-41.266667,-11.916667
Cattleya luetzelburgii,-41.65,-12.933333
Cattleya luetzelburgii,-41.337916,-13.046961
Cattleya luetzelburgii,-41.504444,-12.505278
Cattleya luetzelburgii,-41.333333,-12.333333
Cattleya luetzelburgii,-41.840556,-13.844444
Cattleya luetzelburgii,-41.373611,-13.381944
Cattleya luetzelburgii,-41.85,-13.859722
Cattleya luetzelburgii,-41.3,-13.3
Cattleya luetzelburgii,-41.8,-13.8
Cattleya luetzelburgii,-41.773889,-13.771389
Cattleya luetzelburgii,-42.35,-13.35
Cattleya luetzelburgii,-41.946944,-13.524167
Cattleya luetzelburgii,-41.885556,-13.315833
Cattleya luetzelburgii,-41.8,-13.316667
Cattleya luetzelburgii,-41.896944,-13.388889
Cattleya luetzelburgii,-41.883333,-13.3
Cattleya luetzelburgii,-41.333333,-12.533333
Cattleya luetzelburgii,-41.6,-13.3
Cattleya luetzelburgii,-41.319167,-12.956667
Cattleya luetzelburgii,-41.851111,-13.328611
Cattleya luetzelburgii,-41.941667,-13.523056
Cattleya luetzelburgii,-41.6,-13.15
Cattleya pfisteri,-41.3,-13.7
Cattleya pfisteri,-41.45,-12.6
Cattleya pfisteri,-41.285,-13.683889
Cattleya pfisteri,-41.466667,-13.683333
Cattleya pfisteri,-41.766667,-14.133333
Cattleya pfisteri,-41.488468,-12.600961
Cattleya pfisteri,-41.309722,-13.315278
Cattleya pfisteri,-41.298611,-13.684167
Cattleya pfisteri,-41.45,-12.45
Cattleya pfisteri,-41.5,-12.85
Cattleya pfisteri,-41.55,-12.516667
Cattleya pfisteri,-41.285,-13.283889
Cattleya pfisteri,-41.375556,-13.2
Cattleya pfisteri,-41.183333,-13.183333
Cattleya pfisteri,-41.488889,-12.484722
Cattleya pfisteri,-41.505,-12.512222
Cattleya pfisteri,-41.511389,-12.506111
Cattleya pfisteri,-41.315556,-13.308889
Cattleya pfisteri,-41.5075,-12.504167
Cattleya pfisteri,-41.609722,-13.603889
Cattleya pfisteri,-42.486111,-14.483333
Cattleya pfisteri,-41.318056,-13.325
Cattleya pfisteri,-41.5075,-12.504722
Cattleya pfisteri,-41.504167,-12.513611
Cattleya pfisteri,-41.516667,-12.516667
Cattleya pfisteri,-41.481389,-12.469444
Cattleya pfisteri,-41.5,-12.5
Cattleya pfisteri,-41.481389,-12.769444
Cattleya pfisteri,-41.454722,-12.600278
Cattleya pfisteri,-41.75,-13.15
Cattleya rupestris,-43.3,-13.6
Cattleya sincorana,-41.366389,-13.065833
Cattleya sincorana,-41.5,-12.85
Cattleya sincorana,-41.511389,-12.506111
Cattleya sincorana,-40.365278,-11.360556
Cattleya sincorana,-41.466667,-12.466667
Cattleya sincorana,-41.481111,-12.469444
Cattleya sincorana,-41.5,-12.5
Cattleya tenuis,-41.566667,-13.1
Cattleya tenuis,-42.299167,-12.600556
Cattleya tenuis,-41.764167,-13.755278
Cattleya tenuis,-41.828889,-12.651944
Cattleya tenuis,-41.57,-13.1
Cattleya tenuis,-41.8,-13.3
Cattleya tenuis,-41.225278,-11.229722
Cattleya tenuis,-41.566667,-13.566667
Cattleya velutina,-41.370556,-13.005556
Cattleya velutina,-41.3706394,-13.0092667
Cattleya xanthina,-41.2809,-11.4099
Cleistes exilis,-41.466667,-12.966667
Cleistes exilis,-41.316667,-12.866667
Cleistes exilis,-41.35,-13.016667
Cleistes exilis,-41.8,-13.8
Cleistes exilis,-41.433333,-12.433333
Cleistes exilis,-41.32,-12.87
Cleistes exilis,-41.47,-12.97
Cleistes exilis,-41.833333,-13.833333
Cleistes exilis,-41.35,-13.02
Cleistes exilis,-41.9,-13.9
Cleistes exilis,-41.9,-13.25
Cleistes exilis,-41.434722,-12.466111
Cleistes exilis,-41.83,-13.37
Cleistes exilis,-41.8,-13.32
Cleistes exilis,-41.4075,-12.95
Cleistes exilis,-42.522778,-14.534722
Cleistes exilis,-41.454167,-12.466944
Cleistes exilis,-41.31667,-12.86667
Cleistes exilis,-41.43483,-12.46617
Cleistes exilis,-41.95,-13.5189
Cleistes exilis,-41.31666,-12.86666
Cleistes exilis,-41.503333,-12.516111
Cleistes exilis,-41.383333,-13.383333
Cleistes exilis,-41.845,-13.846944
Cleistes exilis,-41.366667,-13.366667
Cleistes exilis,-41.766667,-13.766667
Cleistes exilis,-41.454167,-12.450278
Cleistes exilis,-41.45,-12.45
Cleistes exilis,-41.866667,-13.866667
Cleistes exilis,-41.433333,-12.466667
Cleistes exilis,-41.95,-13.516667
Cleistes exilis,-41.550892,-13.343092
Cleistes grandiflora,-41.47,-12.45
Cleistes ionoglossa,-41.41667,-13.66667
Cleistes ionoglossa,-41.95,-13.55
Cleistes ionoglossa,-41.42,-13.67
Cleistes ionoglossa,-41.41666,-13.66666
Cleistes ionoglossa,-41.416667,-13.666667
Cleistes mantiqueirae,-37.7833,-5.88333
Cleistes moritzii,-41.866667,-13.333333
Cleistes moritzii,-41.95,-13.55
Cleistes moritzii,-41.316667,-12.866667
Cleistes moritzii,-41.433333,-12.466667
Cleistes moritzii,-41.4,-13.016667
Cleistes moritzii,-41.416667,-13.666667
Cleistes moritzii,-41.383333,-12.383333
Cleistes moritzii,-41.9,-13.9
Cleistes moritzii,-41.383333,-12.55
Cleistes moritzii,-41.904444,-13.0775
Cleistes moritzii,-40.493889,-11.150833
Cleistes moritzii,-41.42,-13.67
Cleistes moritzii,-41.4,-13.02
Cleistes moritzii,-41.43,-12.47
Cleistes moritzii,-41.9,-13.25
Cleistes moritzii,-41.87,-13.33
Cleistes moritzii,-40.490833,-11.146111
Cleistes moritzii,-40.502222,-11.143056
Cleistes moritzii,-41.833333,-13.283333
Cleistes moritzii,-41.4825,-12.476111
Cleistes moritzii,-41.764167,-13.751111
Cleistes moritzii,-40.537222,-12.547778
Cleistes moritzii,-41.509167,-12.514167
Cleistes moritzii,-41.426944,-12.4225
Cleistes moritzii,-41.867778,-13.870556
Cleistes moritzii,-41.866667,-13.866667
Cleistes moritzii,-40.520833,-11.343333
Cleistes moritzii,-41.383333,-12.566667
Cleistes paranaensis,-41.416667,-13.666667
Cleistes paranaensis,-41.883333,-13.883333
Cleistes paranaensis,-41.466667,-12.466667
Cleistes paranaensis,-41.470556,-12.475
Cleistes paranaensis,-41.42,-13.67
Cleistes paranaensis,-41.88,-13.27
Cleistes paranaensis,-41.45,-12.45
Cleistes paranaensis,-41.316667,-13.616667
Cleistes paranaensis,-41.5,-12.5
Cleistes paranaensis,-41.766667,-13.766667
Cleistes parviflora,-41.441956,-12.654834
Cleistes parviflora,-41.907897,-13.266471
Cleistes parviflora,-41.906667,-13.541111
Cleistes parviflora,-40.516667,-11.333333
Cleistes rosea,-41.416667,-12.416667
Cleistes rosea,-41.949167,-13.515278
Cleistes rosea,-41.913889,-13.910833
Cleistes rosea,-41.433333,-12.466667
Cleistes rosea,-41.316667,-12.866667
Cleistes rosea,-41.916667,-13.533333
Cleistes speciosa,-41.466667,-12.45
Cleistes speciosa,-41.383333,-12.566667
Cleistes speciosa,-39.533333,-12.533333
Cleistes speciosa,-41.383333,-12.383333
Cleistes speciosa,-40.493056,-12.491667
Comparettia coccinea,-40.536667,-12.545556
Comparettia coccinea,-40.534722,-12.540833
Comparettia coccinea,-40.536667,-12.412222
Coppensia flexuosa,-36.142799,-8.32583
Cranichis candida,-37.645639,-7.427417
Cranichis candida,-38.570833,-8.6
Cranichis candida,-37.410278,-9.481944
Cranichis candida,-37.684167,-9.805278
Cranichis candida,-38.5708,-8.6
Cranichis candida,-37.510842,-9.516644
Cranichis candida,-37.010278,-8.418611
Cranichis candida,-37,-8.5
Cyclopogon cearensis,-37.220131,-9.677739
Cyclopogon elatus,-39.683333,-12.2
Cyclopogon eldorado,-39.683333,-12.2
Cyclopogon eldorado,-39.683333,-12.683333
Cyclopogon variegatus,-36.710517,-9.420061
Cyrtopodium aliciae,-42.4,-13.816667
Cyrtopodium aliciae,-41.85,-13.316667
Cyrtopodium aliciae,-41.9,-13.066667
Cyrtopodium aliciae,-41.171716,-13.163357
Cyrtopodium aliciae,-41.393154,-12.584663
Cyrtopodium aliciae,-41.390758,-12.579119
Cyrtopodium aliciae,-41.39192,-12.584525
Cyrtopodium aliciae,-42.4,-13.4
Cyrtopodium aliciae,-41.9,-13.9
Cyrtopodium aliciae,-41.188611,-10.194444
Cyrtopodium aliciae,-41.85,-13.85
Cyrtopodium aliciae,-41.418333,-12.43
Cyrtopodium aliciae,-41.466667,-12.466667
Cyrtopodium aliciae,-41.833333,-13.833333
Cyrtopodium aliciae,-41.802222,-13.533889
Cyrtopodium aliciae,-41.354553,-12.996325
Cyrtopodium aliciae,-41.283191,-12.83792
Cyrtopodium aliciae,-41.974747,-13.611767
Cyrtopodium aliciae,-41.474453,-12.60544
Cyrtopodium aliciae,-41.803611,-13.5475
Cyrtopodium aliciae,-41.353333,-12.993611
Cyrtopodium aliciae,-41.450116,-12.481863
Cyrtopodium aliciae,-41.45,-12.45
Cyrtopodium aliciae,-41.45,-12.466667
Cyrtopodium aliciae,-42.482972,-14.880517
Cyrtopodium aliciae,-41.341274,-12.995006
Cyrtopodium aliciae,-41.342725,-12.997267
Cyrtopodium aliciae,-41.37118,-13.008828
Cyrtopodium aliciae,-41.633333,-12.455278
Cyrtopodium aliciae,-41.899722,-13.07
Cyrtopodium aliciae,-41.452778,-12.456667
Cyrtopodium aliciae,-41.471389,-12.458611
Cyrtopodium aliciae,-41.440278,-12.459722
Cyrtopodium aliciae,-41.85,-13.32
Cyrtopodium aliciae,-41.42,-12.428889
Cyrtopodium aliciae,-40.518056,-11.180833
Cyrtopodium aliciae,-41.344444,-12.801667
Cyrtopodium aliciae,-41.344167,-12.986667
Cyrtopodium aliciae,-41.42,-12.462222
Cyrtopodium aliciae,-41.366667,-13
Cyrtopodium aliciae,-41.433333,-12.45
Cyrtopodium aliciae,-40.703056,-11.253056
Cyrtopodium aliciae,-41.880556,-13.060556
Cyrtopodium aliciae,-40.695,-11.241111
Cyrtopodium aliciae,-41.379609,-12.552049
Cyrtopodium aliciae,-41.273056,-11.496111
Cyrtopodium aliciae,-38.223989,-9.2074
Cyrtopodium aliciae,-38.5302,-9.450386
Cyrtopodium aliciae,-38.136744,-9.468572
Cyrtopodium aliciae,-41.385,-12.395556
Cyrtopodium aliciae,-41.471389,-12.475278
Cyrtopodium aliciae,-41.440278,-12.443056
Cyrtopodium aliciae,-41.405833,-12.415
Cyrtopodium aliciae,-41.3925,-12.39
Cyrtopodium aliciae,-41.383333,-13.383333
Cyrtopodium aliciae,-40.502861,-11.332305
Cyrtopodium aliciae,-41.766667,-13.533333
Cyrtopodium aliciae,-41.188611,-10.427778
Cyrtopodium aliciae,-41.2333,-12.3524
Cyrtopodium aliciae,-41.7,-12.772778
Cyrtopodium aliciae,-41.416667,-12.45
Cyrtopodium andersonii,-40.6833,-5.76667
Cyrtopodium blanchetii,-41.738611,-13.266944
Cyrtopodium blanchetii,-41.99722,-12.18306
Cyrtopodium blanchetii,-41.433333,-12.433333
Cyrtopodium blanchetii,-41.9,-13.533333
Cyrtopodium brandonianum,-41.75,-13.25
Cyrtopodium brandonianum,-41.409167,-13.447778
Cyrtopodium brandonianum,-41.3,-13.58
Cyrtopodium brandonianum,-41.466667,-12.45
Cyrtopodium brandonianum,-41.316667,-13.690833
Cyrtopodium brandonianum,-41.3,-13.583333
Cyrtopodium cipoense,-41.45,-12.466667
Cyrtopodium eugenii,-41.697454,-13.728502
Cyrtopodium eugenii,-41.15,-11.55
Cyrtopodium eugenii,-41.439232,-12.593298
Cyrtopodium eugenii,-41.502026,-12.569519
Cyrtopodium eugenii,-41.88,-13.27
Cyrtopodium eugenii,-38.066667,-11.55
Cyrtopodium eugenii,-41.513333,-12.510278
Cyrtopodium flavum,-36.266667,-8.252778
Cyrtopodium flavum,-36.016917,-8.410639
Cyrtopodium flavum,-39.4725,-12.469722
Cyrtopodium flavum,-39.899167,-12.888333
Cyrtopodium flavum,-39.783056,-12.77
Cyrtopodium flavum,-41.15,-11.15
Cyrtopodium flavum,-41.62,-13.0225
Cyrtopodium flavum,-41.62,-13.024167
Cyrtopodium flavum,-41.341435,-12.99465
Cyrtopodium flavum,-35.467222,-6.640833
Cyrtopodium flavum,-35.9925,-8.395278
Cyrtopodium flavum,-35.701667,-6.425
Cyrtopodium flavum,-35.776944,-6.440833
Cyrtopodium flavum,-35.795556,-6.454444
Cyrtopodium flavum,-39.282222,-12.511111
Cyrtopodium flavum,-41.001389,-11.635833
Cyrtopodium flavum,-38.0559,-7.822817
Cyrtopodium flavum,-35.439722,-6.678889
Cyrtopodium flavum,-40.426111,-3.536667
Cyrtopodium flavum,-36.045278,-7.886111
Cyrtopodium flavum,-35.9775,-7.376944
Cyrtopodium flavum,-35.77695,-6.440746
Cyrtopodium flavum,-35.977807,-7.275212
Cyrtopodium flavum,-41.292309,-13.398039
Cyrtopodium flavum,-35.783333,-8.199955
Cyrtopodium flavum,-41.469722,-12.475278
Cyrtopodium flavum,-41.15,-11.55
Cyrtopodium flavum,-41.160556,-13.315556
Cyrtopodium flavum,-41.366667,-12.516667
Cyrtopodium flavum,-37.328333,-9.244167
Cyrtopodium flavum,-36.826767,-9.661758
Cyrtopodium flavum,-37.556481,-9.285186
Cyrtopodium flavum,-35.8375,-8.334722
Cyrtopodium flavum,-36.572222,-9.526475
Cyrtopodium flavum,-36.932067,-10.052769
Cyrtopodium flavum,-38.5302,-9.450386
Cyrtopodium flavum,-37.893889,-9.312222
Cyrtopodium flavum,-36.575828,-9.518528
Cyrtopodium flavum,-36.572231,-9.526475
Cyrtopodium flavum,-36.859483,-10.045017
Cyrtopodium flavum,-36.772431,-9.497014
Cyrtopodium flavum,-36.639506,-9.800772
Cyrtopodium flavum,-36.962331,-9.874869
Cyrtopodium flavum,-39.899167,-12.755
Cyrtopodium flavum,-39.766667,-12.753333
Cyrtopodium flavum,-36.010278,-8.391389
Cyrtopodium flavum,-37.210347,-9.718186
Cyrtopodium flavum,-36.726081,-9.406567
Cyrtopodium flavum,-36.722378,-9.433758
Cyrtopodium flavum,-36.358555,-8.238666
Cyrtopodium flavum,-41.2,-13.2
Cyrtopodium flavum,-41.452778,-12.456667
Cyrtopodium flavum,-36.010278,-8.008056
Cyrtopodium flavum,-41.432222,-12.427778
Cyrtopodium flavum,-39.466667,-12.466667
Cyrtopodium flavum,-41,-11
Cyrtopodium flavum,-39.7,-12.7
Cyrtopodium flavum,-41.383333,-13.383333
Cyrtopodium flavum,-35.843944,-8.381944
Cyrtopodium flavum,-35.898333,-7.358333
Cyrtopodium flavum,-35.741667,-6.558333
Cyrtopodium flavum,-38.076667,-7.831389
Cyrtopodium flavum,-35.753333,-8.327222
Cyrtopodium flavum,-36.190417,-8.25
Cyrtopodium flavum,-36.010444,-8.391389
Cyrtopodium flavum,-36.107778,-8.200278
Cyrtopodium flavum,-36.019167,-8.410639
Cyrtopodium flavum,-36.5625,-8.5625
Cyrtopodium flavum,-36.721311,-9.388897
Cyrtopodium flavum,-36.019167,-8.410556
Cyrtopodium flavum,-35.796902,-8.23333
Cyrtopodium gigas,-36.37,-8.17
Cyrtopodium gigas,-40.32,-10.663333
Cyrtopodium gigas,-39.7,-12.7
Cyrtopodium gigas,-41.304444,-11.311667
Cyrtopodium gigas,-40.109444,-13.111389
Cyrtopodium gigas,-39.6,-10.609722
Cyrtopodium gigas,-40.634,-13.5641
Cyrtopodium glutiniferum,-39.9,-12.756944
Cyrtopodium holstii,-41.833333,-13.3
Cyrtopodium holstii,-37.302029,-5.915125
Cyrtopodium holstii,-38.013889,-9.006111
Cyrtopodium holstii,-41.121632,-13.392679
Cyrtopodium holstii,-36.287339,-7.365233
Cyrtopodium holstii,-37.406226,-7.266319
Cyrtopodium holstii,-35.795,-6.454444
Cyrtopodium holstii,-35.434444,-6.516944
Cyrtopodium holstii,-35.726667,-6.093056
Cyrtopodium holstii,-35.963611,-6.097778
Cyrtopodium holstii,-36.783044,-6.968749
Cyrtopodium holstii,-40.133333,-10.85
Cyrtopodium holstii,-38.868056,-4.165833
Cyrtopodium holstii,-41.089465,-13.942829
Cyrtopodium holstii,-41.292419,-13.137157
Cyrtopodium holstii,-44.275156,-15.487192
Cyrtopodium holstii,-41.453611,-10.458333
Cyrtopodium holstii,-37.547778,-9.548333
Cyrtopodium holstii,-36.389441,-6.694159
Cyrtopodium holstii,-37.547778,-9.098055
Cyrtopodium holstii,-41.83,-13.3
Cyrtopodium holstii,-41.65,-13.233333
Cyrtopodium holstii,-41.452778,-12.456667
Cyrtopodium holstii,-37.863889,-9.968611
Cyrtopodium holstii,-37.410278,-9.481944
Cyrtopodium holstii,-38.11,-10.423056
Cyrtopodium holstii,-37.863889,-9.979444
Cyrtopodium holstii,-37.863778,-9.979444
Cyrtopodium holstii,-37.863861,-9.968722
Cyrtopodium holstii,-38.183333,-10.708333
Cyrtopodium holstii,-37.684167,-9.805278
Cyrtopodium holstii,-36.893333,-7.887222
Cyrtopodium holstii,-38.868056,-4.165722
Cyrtopodium holstii,-37.573997,-9.285186
Cyrtopodium holstii,-38.333333,-11.716667
Cyrtopodium holstii,-39.783333,-12.733333
Cyrtopodium holstii,-37.726389,-9.108889
Cyrtopodium holstii,-38.013889,-9.205833
Cyrtopodium holstii,-36.893333,-7.470556
Cyrtopodium holstii,-40.422222,-12.420556
Cyrtopodium holstii,-39.783333,-12.783333
Cyrtopodium holstii,-37.236444,-8.588388
Cyrtopodium holstii,-39.024444,-4.955556
Cyrtopodium holstii,-36.888611,-7.477778
Cyrtopodium holstii,-40.695,-11.241111
Cyrtopodium holstii,-39.282799,-11.5639
Cyrtopodium pallidum,-41.3,-13.583333
Cyrtopodium pallidum,-40.5180838,-11.1844226
Cyrtopodium pallidum,-41.466667,-12.466667
Cyrtopodium parviflorum,-41.85,-13.383333
Cyrtopodium parviflorum,-41.933334,-13.533333
Cyrtopodium parviflorum,-42.559167,-13.8925
Cyrtopodium parviflorum,-41.933333,-13.533333
Cyrtopodium parviflorum,-41.93,-13.53
Cyrtopodium parviflorum,-41.85,-13.38
Cyrtopodium parviflorum,-41.9,-13.533333
Cyrtopodium parviflorum,-41.510833,-12.501111
Cyrtopodium parviflorum,-41.933333,-13.933333
Cyrtopodium parviflorum,-41.3,-13.3
Cyrtopodium parviflorum,-41.888611,-13.896389
Cyrtopodium parviflorum,-42.098333,-13.087778
Cyrtopodium parviflorum,-40.506111,-11.511667
Cyrtopodium parviflorum,-41.85,-13.85
Cyrtopodium punctatum,-41.82,-13.3
Cyrtopodium punctatum,-41.816667,-13.816667
Cyrtopodium saintlegerianum,-41.816667,-13.3
Cyrtopodium saintlegerianum,-39.42,-12.43
Cyrtopodium saintlegerianum,-38.340792,-9.973609
Cyrtopodium saintlegerianum,-40.698333,-11.258056
Cyrtopodium saintlegerianum,-41.82,-13.3
Cyrtopodium saintlegerianum,-40.950833,-13.285833
Cyrtopodium saintlegerianum,-41.6,-13.15
Cyrtopodium saintlegerianum,-40.950812,-13.2894733
Cyrtopodium saintlegerianum,-39.706111,-12.710556
Cyrtopodium saintlegerianum,-39.2,-11.2
Cyrtopodium saintlegerianum,-39.204167,-11.207778
Cyrtopodium saintlegerianum,-40.616111,-11.609167
Cyrtopodium saintlegerianum,-40.123611,-10.121944
Cyrtopodium saintlegerianum,-40.605278,-11.603611
Cyrtopodium saintlegerianum,-40.154055,-10.246916
Cyrtopodium vernum,-41.883334,-13.266667
Cyrtopodium vernum,-42.333333,-13.333333
Cyrtopodium vernum,-41.883333,-13.883333
Dichaea cogniauxiana,-41.45,-13.583333
Dichaea cogniauxiana,-36.023583,-7.905028
Dichaea cogniauxiana,-41.45,-13.58
Dichaea cogniauxiana,-40.537222,-12.247778
Dichaea cogniauxiana,-40.5372,-12.2478
Dichaea cogniauxiana,-40.537222,-12.547778
Dichaea cogniauxiana,-41.9,-13.9
Dichaea cogniauxiana,-35.691389,-6.963333
Dichaea cogniauxiana,-40.3,-12.516667
Dichaea panamensis,-35.395056,-7.602556
Dichaea panamensis,-36.688086,-9.768364
Dichaea panamensis,-36.572231,-9.526475
Dichaea panamensis,-36.721311,-9.388897
Dichaea panamensis,-36.772431,-9.497014
Dichaea panamensis,-36.572067,-9.526233
Dichaea panamensis,-36.956203,-9.884653
Dichaea panamensis,-37.339219,-9.705533
Dichaea panamensis,-40.183333,-13.933333
Dichaea panamensis,-41.45,-13.583333
Dichaea pendula,-38.961944,-4.953889
Dichaea pendula,-38.961944,-4.237222
Dichaea pendula,-38.720508,-3.894989
Dichaea pendula,-39.466667,-12.466667
Dimerandra emarginata,-36.6169,-9.420745
Dimerandra emarginata,-38.7325,-3.897222
Dimerandra emarginata,-37.622269,-10.818781
Dimerandra emarginata,-36.572231,-9.526475
Dimerandra emarginata,-36.639739,-9.801019
Dimerandra emarginata,-36.572067,-9.526233
Dimerandra emarginata,-37.501544,-10.292592
Dimerandra emarginata,-36.637353,-9.464653
Dimerandra emarginata,-38.714056,-3.917222
Discyphus scopulariae,-36.966203,-9.873919
Discyphus scopulariae,-38.033333,-11.033333
Elleanthus brasiliensis,-38.723333,-3.904722
Elleanthus brasiliensis,-38.7225,-3.897194
Elleanthus brasiliensis,-38.720306,-3.895139
Elleanthus brasiliensis,-38.722778,-3.894722
Elleanthus brasiliensis,-38.961944,-4.237222
Elleanthus brasiliensis,-38.723333,-3.90475
Elleanthus linifolius,-36.506481,-9.432231
Elleanthus linifolius,-36.504861,-9.402825
Elleanthus linifolius,-41.451111,-12.461667
Eltroplectris calcarata,-36.573611,-5.921111
Eltroplectris calcarata,-41.383333,-12.566667
Eltroplectris calcarata,-40.536667,-12.545556
Eltroplectris calcarata,-41.349444,-12.349722
Eltroplectris triloba,-40.9975,-11.621667
Eltroplectris triloba,-39.526944,-12.529444
Eltroplectris triloba,-39.200833,-11.208611
Eltroplectris triloba,-39.202222,-11.208611
Eltroplectris triloba,-40.490556,-12.488611
Eltroplectris triloba,-39.533333,-12.533333
Encyclia advena,-41.27,-13.7
Encyclia advena,-41.35,-13.02
Encyclia advena,-36.572231,-9.526475
Encyclia advena,-36.575828,-9.518528
Encyclia advena,-37.317747,-9.903858
Encyclia advena,-36.721311,-9.388897
Encyclia advena,-35.7077,-6.95327
Encyclia advena,-36.7,-9.404631
Encyclia advena,-41.35,-13.016667
Encyclia advena,-38.498056,-9.813889
Encyclia alboxanthina,-41.416667,-12.45
Encyclia alboxanthina,-41.85,-13.333333
Encyclia alboxanthina,-41.35,-13.016667
Encyclia alboxanthina,-41.866667,-13.283333
Encyclia alboxanthina,-41.333333,-10.333333
Encyclia alboxanthina,-41.316667,-12.866667
Encyclia alboxanthina,-41.266667,-13.7
Encyclia alboxanthina,-41.383333,-13
Encyclia alboxanthina,-41.433333,-12.466667
Encyclia alboxanthina,-41.171716,-13.163357
Encyclia alboxanthina,-41.480612,-12.606778
Encyclia alboxanthina,-41.389444,-13.005833
Encyclia alboxanthina,-41.341614,-12.890217
Encyclia alboxanthina,-41.466667,-13.683333
Encyclia alboxanthina,-41.34,-12.973
Encyclia alboxanthina,-41.227822,-11.571083
Encyclia alboxanthina,-41.506603,-13.091868
Encyclia alboxanthina,-41.207686,-11.59215
Encyclia alboxanthina,-41.322628,-12.890456
Encyclia alboxanthina,-41.353611,-12.995
Encyclia alboxanthina,-41.341944,-12.996944
Encyclia alboxanthina,-41.273056,-11.496111
Encyclia alboxanthina,-40.52,-11.18
Encyclia alboxanthina,-41.65,-12.933333
Encyclia alboxanthina,-41.3,-12.25
Encyclia alboxanthina,-42.133333,-12.883333
Encyclia alboxanthina,-40.407778,-10.943333
Encyclia alboxanthina,-40.507222,-11.195833
Encyclia alboxanthina,-41.15,-11.55
Encyclia alboxanthina,-38.066667,-11.55
Encyclia alboxanthina,-41.31,-12.851389
Encyclia alboxanthina,-41.474444,-12.604167
Encyclia alboxanthina,-41.62,-13.024167
Encyclia alboxanthina,-41.299444,-12.973889
Encyclia alboxanthina,-41.208182,-12.952853
Encyclia alboxanthina,-40.509722,-11.193055
Encyclia alboxanthina,-41.211389,-13.434444
Encyclia alboxanthina,-37.253056,-8.581944
Encyclia alboxanthina,-41.428333,-12.462778
Encyclia alboxanthina,-41.346536,-12.866395
Encyclia alboxanthina,-41.518562,-12.808948
Encyclia alboxanthina,-41.3625,-12.999722
Encyclia alboxanthina,-41.341349,-12.995735
Encyclia alboxanthina,-41.341982,-12.992264
Encyclia alboxanthina,-41.440278,-12.888056
Encyclia alboxanthina,-41.43,-12.47
Encyclia alboxanthina,-41.32,-12.87
Encyclia alboxanthina,-41.27,-13.7
Encyclia alboxanthina,-41.33,-10.33
Encyclia alboxanthina,-40.518056,-11.180833
Encyclia alboxanthina,-41.83,-13.37
Encyclia alboxanthina,-41.340833,-12.988333
Encyclia alboxanthina,-41.266667,-12.416667
Encyclia alboxanthina,-41.366667,-13
Encyclia alboxanthina,-40.7025,-11.254444
Encyclia alboxanthina,-41.002222,-11.638611
Encyclia alboxanthina,-41.206944,-11.590556
Encyclia alboxanthina,-41.650556,-13.659167
Encyclia alboxanthina,-41.34196,-12.992282
Encyclia alboxanthina,-41.327911,-12.939004
Encyclia alboxanthina,-40.5180838,-11.1844226
Encyclia alboxanthina,-42.360047,-14.023294
Encyclia alboxanthina,-41.322972,-12.936111
Encyclia alboxanthina,-41.35,-13.01666
Encyclia alboxanthina,-41.446667,-12.447222
Encyclia alboxanthina,-41.440278,-12.443056
Encyclia alboxanthina,-41.508056,-12.515
Encyclia alboxanthina,-41.333333,-12.333333
Encyclia alboxanthina,-41.603333,-12.615833
Encyclia alboxanthina,-41.428333,-12.429444
Encyclia alboxanthina,-41.383333,-12.383333
Encyclia alboxanthina,-41.000278,-14.001667
Encyclia alboxanthina,-41.207222,-11.207778
Encyclia alboxanthina,-41.213333,-11.215278
Encyclia alboxanthina,-40.15,-11.15
Encyclia alboxanthina,-41.419167,-12.431111
Encyclia alboxanthina,-41.300833,-13.313611
Encyclia alboxanthina,-41.023889,-11.023611
Encyclia alboxanthina,-41.2075,-11.2075
Encyclia alboxanthina,-40.705556,-11.707778
Encyclia alboxanthina,-41.162778,-11.163056
Encyclia alboxanthina,-40.383333,-12.383333
Encyclia alboxanthina,-40.484167,-12.493056
Encyclia alboxanthina,-41.423056,-12.428333
Encyclia alboxanthina,-41.8,-13.8
Encyclia alboxanthina,-41.2,-11.2
Encyclia alboxanthina,-40.407778,-10.41
Encyclia alboxanthina,-41.316667,-12.316667
Encyclia alboxanthina,-41.341389,-12.341667
Encyclia alboxanthina,-41.85,-13.85
Encyclia alboxanthina,-41.833333,-13.833333
Encyclia alboxanthina,-40.508056,-11.506111
Encyclia alboxanthina,-41.416667,-12.416667
Encyclia alboxanthina,-41.133333,-11.133333
Encyclia alboxanthina,-41.3,-12.3
Encyclia alboxanthina,-40.249972,-10.257527
Encyclia alboxanthina,-41.440278,-12.459722
Encyclia alboxanthina,-41.446667,-12.463889
Encyclia alboxanthina,-41.8,-13.316667
Encyclia alboxanthina,-41.341667,-12.991667
Encyclia alboxanthina,-41.207222,-11.59
Encyclia alboxanthina,-41.701944,-12.75
Encyclia alboxanthina,-41.549722,-12.6875
Encyclia alboxanthina,-41.343889,-13.016667
Encyclia andrichii,-40.15,-11.15
Encyclia andrichii,-42.5,-14.5
Encyclia dichroma,-39.85,-12.85
Encyclia dichroma,-39.32,-12.48
Encyclia dichroma,-40.5,-13.5
Encyclia dichroma,-39.9,-12.755
Encyclia dichroma,-39.8,-10.72
Encyclia dichroma,-39.858889,-12.87
Encyclia dichroma,-39.87,-12.9
Encyclia dichroma,-39.7,-12.716667
Encyclia dichroma,-39.8588406,-12.8736634
Encyclia dichroma,-42,-11
Encyclia dichroma,-39.488889,-12.495833
Encyclia dichroma,-40.166667,-13.201853
Encyclia dichroma,-39.522222,-12.525
Encyclia dichroma,-40.45,-12.465278
Encyclia dichroma,-39.970833,-12.9725
Encyclia dichroma,-39.8525,-12.854722
Encyclia dichroma,-40.478611,-12.47
Encyclia dichroma,-39.533333,-12.533333
Encyclia dichroma,-39.466667,-12.466667
Encyclia dichroma,-39.616667,-12.616667
Encyclia dichroma,-39.854167,-12.869722
Encyclia diurna,-41.389722,-12.563333
Encyclia diurna,-41.3897406,-12.5669562
Encyclia ghillanyi,-40.5,-13.5
Encyclia granitica,-36,-8.383333
Encyclia granitica,-36,-8
Encyclia jenischiana,-39.866667,-12.9
Encyclia jenischiana,-40.5,-13.5
Encyclia jenischiana,-39.054444,-11.054167
Encyclia jenischiana,-39.733333,-12.15
Encyclia jenischiana,-39.616667,-12.2
Encyclia jenischiana,-39.068911,-11.624172
Encyclia jenischiana,-39.87,-12.9
Encyclia jenischiana,-39.683333,-12.7
Encyclia jenischiana,-39.706111,-12.710556
Encyclia jenischiana,-39.958611,-11.655
Encyclia jenischiana,-39.854167,-12.869722
Encyclia jenischiana,-39.8,-10.716667
Encyclia jenischiana,-39.854167,-12.853056
Encyclia jenischiana,-40.151111,-13.150556
Encyclia jenischiana,-39.973611,-11.974722
Encyclia jenischiana,-39.522222,-12.525
Encyclia jenischiana,-39.859167,-12.854722
Encyclia jenischiana,-40.416667,-12.416667
Encyclia jenischiana,-39.7,-12.7
Encyclia jenischiana,-39.533333,-12.533333
Encyclia jenischiana,-39.8525,-12.871389
Encyclia jenischiana,-41.3419,-14.3519
Encyclia oncidioides,-35.7,-6.966667
Encyclia oncidioides,-41.85,-13.316667
Encyclia oncidioides,-41.733333,-13.316667
Encyclia oncidioides,-40.905833,-11.907778
Encyclia oncidioides,-35.35,-5.893333
Encyclia oncidioides,-35.795,-6.454444
Encyclia oncidioides,-35.356944,-5.888889
Encyclia oncidioides,-41.333333,-12.7
Encyclia oncidioides,-41.391944,-10.398611
Encyclia oncidioides,-37.325794,-9.906181
Encyclia oncidioides,-41.305,-12.963889
Encyclia oncidioides,-41.73,-13.32
Encyclia oncidioides,-41.85,-13.32
Encyclia oncidioides,-35.7,-6.97
Encyclia oncidioides,-37.628611,-10.863611
Encyclia oncidioides,-38.183333,-10.708333
Encyclia oncidioides,-37.483889,-10.441667
Encyclia oncidioides,-41.273056,-11.496111
Encyclia oncidioides,-37.811111,-10.738333
Encyclia oncidioides,-40.52,-11.18
Encyclia oncidioides,-37.058728,-9.683628
Encyclia oncidioides,-36.722378,-9.433758
Encyclia oncidioides,-39.193611,-11.195556
Encyclia oncidioides,-39.201389,-11.209167
Encyclia oncidioides,-39.2025,-11.207778
Encyclia oncidioides,-40.122222,-13.124167
Encyclia oncidioides,-40.15,-11.15
Encyclia oncidioides,-41.255,-11.265556
Encyclia oncidioides,-38.492222,-9.492222
Encyclia oncidioides,-41.319167,-12.323333
Encyclia oncidioides,-41.341667,-12.341667
Encyclia oncidioides,-41.733333,-13.733333
Encyclia oncidioides,-39.683333,-12.683333
Encyclia oncidioides,-38.483333,-9.483333
Encyclia oncidioides,-38.055527,-7.822722
Encyclia oncidioides,-37.236638,-8.588916
Encyclia oncidioides,-41.797778,-13.604444
Encyclia oncidioides,-35.691389,-6.963333
Encyclia oncidioides,-38.216667,-9.4
Encyclia osmantha,-41.2815,-11.521944
Encyclia osmantha,-41.85,-13.28
Encyclia patens,-38.076667,-7.081389
Encyclia patens,-38.076667,-7.831389
Encyclia patens,-36.385,-8.240833
Encyclia patens,-41.202222,-11.2
Encyclia patens,-41.508056,-12.5025
Encyclia patens,-41.85,-13.85
Encyclia patens,-35.8375,-8.334722
Epidendrum amapense,-35.458333,-6.735
Epidendrum amblostomoides,-38.223989,-9.2074
Epidendrum anatipedium,-38.972222,-4.207778
Epidendrum anatipedium,-38.973889,-4.208333
Epidendrum anatipedium,-38.716667,-3.883333
Epidendrum anatipedium,-38.973889,-4.207778
Epidendrum anatipedium,-38.92,-4.271111
Epidendrum anatipedium,-38.72,-3.88
Epidendrum anatipedium,-38.715639,-3.894556
Epidendrum anatipedium,-38.970583,-4.20675
Epidendrum anatipedium,-38.96875,-4.206583
Epidendrum armeniacum,-38.974444,-4.209444
Epidendrum armeniacum,-38.971111,-4.205833
Epidendrum armeniacum,-38.973889,-4.207778
Epidendrum armeniacum,-38.971167,-4.205833
Epidendrum armeniacum,-40.518889,-11.517222
Epidendrum armeniacum,-38.974361,-4.209472
Epidendrum armeniacum,-38.96875,-4.206583
Epidendrum armeniacum,-39.596639,-3.62725
Epidendrum avicula,-39.058056,-4.420833
Epidendrum avicula,-41.189167,-3.316944
Epidendrum avicula,-41.283333,-13.4
Epidendrum avicula,-37.385128,-7.252781
Epidendrum avicula,-36.506481,-9.432231
Epidendrum avicula,-40.7025,-11.254722
Epidendrum avicula,-39.058111,-4.42075
Epidendrum avicula,-36.721311,-9.388897
Epidendrum avicula,-36.639739,-9.801019
Epidendrum avicula,-36.504167,-9.402314
Epidendrum avicula,-38.970556,-4.207222
Epidendrum avicula,-41.292222,-13.290278
Epidendrum avicula,-40.538611,-12.541389
Epidendrum avicula,-40.6,-11.6
Epidendrum avicula,-40.344119,-10.717111
Epidendrum avicula,-41.233056,-13.397778
Epidendrum campaccii,-35.843944,-8.381944
Epidendrum campestre,-35.716111,-6.9675
Epidendrum carpophorum,-36.368611,-6.1675
Epidendrum carpophorum,-41.44639,-12.47056
Epidendrum carpophorum,-36.489636,-9.394228
Epidendrum carpophorum,-36.572231,-9.526475
Epidendrum carpophorum,-36.572067,-9.526233
Epidendrum carpophorum,-41.446389,-12.470556
Epidendrum carpophorum,-41.383333,-12.383333
Epidendrum carpophorum,-38.92,-4.271111
Epidendrum ciliare,-38.72,-3.9
Epidendrum ciliare,-38.908606,-4.203389
Epidendrum ciliare,-38.815111,-3.895611
Epidendrum ciliare,-39.015301,-4.97139
Epidendrum cinnabarinum,-39.067805,-11.627727
Epidendrum cinnabarinum,-36.407778,-8.410833
Epidendrum cinnabarinum,-40.905833,-11.907778
Epidendrum cinnabarinum,-35.741277,-8.264955
Epidendrum cinnabarinum,-35.35,-5.893333
Epidendrum cinnabarinum,-35.53,-5.556944
Epidendrum cinnabarinum,-35.807222,-6.450278
Epidendrum cinnabarinum,-35.795556,-6.454444
Epidendrum cinnabarinum,-35.353889,-5.894167
Epidendrum cinnabarinum,-35.355833,-5.887778
Epidendrum cinnabarinum,-36.188333,-6.062222
Epidendrum cinnabarinum,-35.776944,-6.440833
Epidendrum cinnabarinum,-35.701667,-6.425
Epidendrum cinnabarinum,-41.65,-12.0625
Epidendrum cinnabarinum,-36.930556,-10.036419
Epidendrum cinnabarinum,-35.439722,-6.678889
Epidendrum cinnabarinum,-35.795444,-7.343833
Epidendrum cinnabarinum,-41.2815,-11.521944
Epidendrum cinnabarinum,-35.727778,-6.843333
Epidendrum cinnabarinum,-41.168889,-11.496944
Epidendrum cinnabarinum,-37.868611,-9.980833
Epidendrum cinnabarinum,-35.77695,-6.440746
Epidendrum cinnabarinum,-39.068911,-11.624172
Epidendrum cinnabarinum,-41.1,-11.5
Epidendrum cinnabarinum,-37.410278,-9.481944
Epidendrum cinnabarinum,-37.684167,-9.805278
Epidendrum cinnabarinum,-42,-11
Epidendrum cinnabarinum,-35.7825,-6.440833
Epidendrum cinnabarinum,-36.932067,-10.052769
Epidendrum cinnabarinum,-36.859483,-10.045017
Epidendrum cinnabarinum,-36.772431,-9.497014
Epidendrum cinnabarinum,-36.572231,-9.526475
Epidendrum cinnabarinum,-41.573889,-12.574722
Epidendrum cinnabarinum,-35.753333,-8.327222
Epidendrum cinnabarinum,-39.067222,-11.075
Epidendrum cinnabarinum,-41.99722,-12.18306
Epidendrum cinnabarinum,-39.568611,-7.994167
Epidendrum cinnabarinum,-41.1,-11.1
Epidendrum cinnabarinum,-41.575556,-12.575
Epidendrum cinnabarinum,-41.191389,-11.187778
Epidendrum cinnabarinum,-41.194167,-11.19
Epidendrum cinnabarinum,-40.438889,-10.435556
Epidendrum cinnabarinum,-36.962055,-8.434333
Epidendrum cinnabarinum,-35.856667,-7.023333
Epidendrum cinnabarinum,-35.741667,-6.558333
Epidendrum cinnabarinum,-36.403611,-8.2075
Epidendrum cinnabarinum,-36.417722,-8.187333
Epidendrum cinnabarinum,-36.385,-8.240833
Epidendrum cinnabarinum,-35.8375,-8.334722
Epidendrum cinnabarinum,-36.988889,-8.447111
Epidendrum cinnabarinum,-36.401667,-8.187222
Epidendrum cinnabarinum,-35.796902,-8.23333
Epidendrum cristatum,-41.866667,-13.333333
Epidendrum cristatum,-39.466667,-12.466667
Epidendrum cristatum,-41.283333,-13.4
Epidendrum cristatum,-41.151809,-11.47727
Epidendrum cristatum,-41.37118,-13.008828
Epidendrum cristatum,-41.87,-13.33
Epidendrum cristatum,-41.866667,-13.866667
Epidendrum cristatum,-41.292222,-13.389722
Epidendrum longicolle,-35.458333,-6.735
Epidendrum dendrobioides,-41.266667,-13.7
Epidendrum dendrobioides,-41.85,-13.333333
Epidendrum dendrobioides,-41.883334,-13.533333
Epidendrum dendrobioides,-41.866667,-13.283333
Epidendrum dendrobioides,-41.85,-13.316667
Epidendrum dendrobioides,-41.983334,-13.5
Epidendrum dendrobioides,-41.95,-13.533333
Epidendrum dendrobioides,-41.883334,-13.3
Epidendrum dendrobioides,-41.85,-13.85
Epidendrum dendrobioides,-41.916667,-13.916667
Epidendrum dendrobioides,-41.303056,-12.957778
Epidendrum dendrobioides,-41.751667,-13.166667
Epidendrum dendrobioides,-41.27,-13.7
Epidendrum dendrobioides,-41.95,-13.53
Epidendrum dendrobioides,-41.85,-13.32
Epidendrum dendrobioides,-41.92,-13.25
Epidendrum dendrobioides,-43.67,-15.33
Epidendrum dendrobioides,-41.85,-13.33
Epidendrum dendrobioides,-41.83,-13.37
Epidendrum dendrobioides,-41.866667,-13.867778
Epidendrum dendrobioides,-41.871389,-13.493889
Epidendrum dendrobioides,-41.85,-13.33333
Epidendrum dendrobioides,-41.8525,-13.861667
Epidendrum dendrobioides,-41.85,-13.859722
Epidendrum dendrobioides,-41.516667,-12.516667
Epidendrum dendrobioides,-41.379444,-13.373333
Epidendrum dendrobioides,-41.766667,-13.766667
Epidendrum dendrobioides,-41.871389,-13.877222
Epidendrum dendrobioides,-41.883333,-13.3
Epidendrum dendrobioides,-41.983333,-13.5
Epidendrum dendrobioides,-41.883333,-13.533333
Epidendrum dendrobioides,-41.871389,-13.477222
Epidendrum denticulatum,-41.4714,-12.4578
Epidendrum denticulatum,-39.9,-6.2
Epidendrum difforme,-37.39,-10.550278
Epidendrum difforme,-35.843889,-8.381944
Epidendrum difforme,-37.65,-10.917222
Epidendrum ellipticum,-40.88,-11.65
Epidendrum ellipticum,-41.155833,-11.550278
Epidendrum ellipticum,-41.33,-10.37
Epidendrum ellipticum,-41.95,-13.55
Epidendrum ellipticum,-41.32,-12.87
Epidendrum ellipticum,-41.33333,-10.36667
Epidendrum ellipticum,-41.1558252,-11.5539318
Epidendrum ellipticum,-41.33333,-10.36666
Epidendrum dendrobioides,-41.833333,-13.833333
Epidendrum erectum,-36.785186,-9.122839
Epidendrum filicaule,-38.6667,-4.55
Epidendrum flammeum,-36.192222,-8.236667
Epidendrum flammeum,-36.191852,-8.2363
Epidendrum flammeum,-36.191974,-8.236335
Epidendrum flammeum,-36.578349,-9.373094
Epidendrum flammeum,-36.506483,-9.432236
Epidendrum flammeum,-36.661917,-8.106417
Epidendrum flammeum,-36.675972,-8.092833
Epidendrum flammeum,-36.675972,-8.091083
Epidendrum flammeum,-36.642694,-8.090667
Epidendrum flammeum,-36.504861,-9.402825
Epidendrum flammeum,-36.721311,-9.388897
Epidendrum flammeum,-36.793242,-9.534536
Epidendrum flammeum,-36.810919,-9.674522
Epidendrum flammeum,-37.325794,-9.906181
Epidendrum flammeum,-36.188889,-8.239167
Epidendrum flammeum,-37.210347,-9.718186
Epidendrum flammeum,-36.710772,-9.404953
Epidendrum flammeum,-36.722378,-9.433758
Epidendrum flammeum,-36.726081,-9.406567
Epidendrum flammeum,-36.719725,-9.430547
Epidendrum flammeum,-36.190417,-8.25
Epidendrum flammeum,-36.188972,-8.239389
Epidendrum flexuosum,-35.476389,-6.629722
Epidendrum setiferum,-41.366389,-13.065833
Epidendrum setiferum,-41.511389,-12.506111
Epidendrum fulgens,-36.604444,-9.333333
Epidendrum garciae,-35.458333,-6.735
Epidendrum hassleri,-36.575828,-9.518528
Epidendrum hassleri,-37.202239,-9.670347
Epidendrum hassleri,-36.572231,-9.526475
Epidendrum hassleri,-36.786389,-9.541361
Epidendrum ibaguense,-41.44777,-12.60277
Epidendrum ibaguense,-36.384944,-8.24075
Epidendrum latilabrum,-36.021944,-7.907778
Epidendrum latilabrum,-40.516667,-11.333333
Epidendrum macrocarpum,-35.4875,-6.618056
Epidendrum macrocarpum,-35.476389,-6.6425
Epidendrum macrocarpum,-35.458333,-6.735
Epidendrum macrocarpum,-36.966436,-9.873689
Epidendrum martianum,-41.475555,-12.458889
Epidendrum martianum,-41.475556,-12.458889
Epidendrum martianum,-41.466667,-12.45
Epidendrum martianum,-41.475556,-12.475556
Epidendrum martianum,-41.505,-12.515556
Epidendrum martianum,-41.883333,-13.883333
Epidendrum martianum,-41.45,-13.583333
Epidendrum nocturnum,-41.383333,-12.566667
Epidendrum nocturnum,-36.006111,-8.068889
Epidendrum nocturnum,-35.683611,-6.966944
Epidendrum nocturnum,-36.851342,-9.722878
Epidendrum nocturnum,-38.935278,-4.2345
Epidendrum nocturnum,-38.919556,-4.298417
Epidendrum nocturnum,-38.72,-3.88
Epidendrum nocturnum,-38.715389,-3.894444
Epidendrum orchidiflorum,-41.466667,-12.45
Epidendrum orchidiflorum,-41.4,-12.566667
Epidendrum orchidiflorum,-41.333333,-12.533333
Epidendrum orchidiflorum,-41.452778,-12.456667
Epidendrum orchidiflorum,-41,-11.011389
Epidendrum orchidiflorum,-41.385278,-13.383333
Epidendrum orchidiflorum,-41.766111,-13.765833
Epidendrum orchidiflorum,-41.207222,-11.207778
Epidendrum orchidiflorum,-41.466667,-12.466667
Epidendrum orchidiflorum,-41.62,-13.0225
Epidendrum orchidiflorum,-40.484167,-12.493056
Epidendrum orchidiflorum,-41.62,-13.024167
Epidendrum orchidiflorum,-41.2,-11.2
Epidendrum orchidiflorum,-41.14,-11.1475
Epidendrum orchidiflorum,-41.620556,-13.024167
Epidendrum orchidiflorum,-41.871572,-13.460439
Epidendrum orchidiflorum,-41.215062,-12.909577
Epidendrum orchidiflorum,-41.449562,-12.482925
Epidendrum orchidiflorum,-41.296069,-12.497039
Epidendrum orchidiflorum,-41.449509,-12.482892
Epidendrum orchidiflorum,-41.449519,-12.482873
Epidendrum orchidiflorum,-41.334555,-12.974597
Epidendrum orchidiflorum,-35.489444,-6.648611
Epidendrum orchidiflorum,-35.483611,-6.643333
Epidendrum orchidiflorum,-41.159167,-11.536667
Epidendrum orchidiflorum,-41.342778,-12.997222
Epidendrum orchidiflorum,-42.092222,-12.588333
Epidendrum orchidiflorum,-41.266667,-11.916667
Epidendrum orchidiflorum,-41.650556,-13.659167
Epidendrum orchidiflorum,-41.341944,-12.992778
Epidendrum orchidiflorum,-41.421111,-12.461389
Epidendrum orchidiflorum,-41.766111,-13.149167
Epidendrum orchidiflorum,-41.338611,-12.803333
Epidendrum orchidiflorum,-41.15,-11.551111
Epidendrum orchidiflorum,-41.45,-12.466667
Epidendrum orchidiflorum,-41.345278,-13.001389
Epidendrum orchidiflorum,-40.695278,-11.239444
Epidendrum orchidiflorum,-41.15,-11.55
Epidendrum orchidiflorum,-41.016389,-11.681667
Epidendrum orchidiflorum,-41.391389,-13.000278
Epidendrum orchidiflorum,-41.366389,-13.065833
Epidendrum orchidiflorum,-41.233056,-13.397778
Epidendrum orchidiflorum,-41.161496,-13.39062
Epidendrum orchidiflorum,-41.34196,-12.992289
Epidendrum orchidiflorum,-41.299444,-12.973611
Epidendrum orchidiflorum,-41.47,-12.45
Epidendrum orchidiflorum,-41.33,-12.53
Epidendrum orchidiflorum,-41.477778,-12.456944
Epidendrum orchidiflorum,-41.433333,-12.433333
Epidendrum orchidiflorum,-40.15,-11.15
Epidendrum orchidiflorum,-40.15,-11.55
Epidendrum orchidiflorum,-41.253056,-11.266389
Epidendrum orchidiflorum,-41.3,-12.3
Epidendrum orchidiflorum,-41.188611,-10.194444
Epidendrum orchidiflorum,-41.419167,-12.431111
Epidendrum orchidiflorum,-41.558889,-12.529167
Epidendrum orchidiflorum,-41.155833,-11.550278
Epidendrum orchidiflorum,-41.1625,-11.600556
Epidendrum orchidiflorum,-41.416667,-12.45
Epidendrum orchidiflorum,-41.3,-12.25
Epidendrum orchidiflorum,-40.701389,-11.243889
Epidendrum orchidiflorum,-40.999722,-11.625
Epidendrum orchidiflorum,-41.002222,-11.638611
Epidendrum orchidiflorum,-41.2,-11.583333
Epidendrum orchidiflorum,-41.349167,-12.988889
Epidendrum orchidiflorum,-41.366667,-13
Epidendrum orchidiflorum,-41.383333,-12.566667
Epidendrum orchidiflorum,-41.165,-11.575556
Epidendrum orchidiflorum,-41.207222,-11.591111
Epidendrum orchidiflorum,-41.339167,-12.346389
Epidendrum orchidiflorum,-41.192778,-11.435556
Epidendrum orchidiflorum,-41.338774,-12.967761
Epidendrum orchidiflorum,-41.469141,-12.426993
Epidendrum orchidiflorum,-40.905278,-11.91
Epidendrum orchidiflorum,-41.1558252,-11.5539318
Epidendrum orchidiflorum,-41.5589516,-12.5328554
Epidendrum orchidiflorum,-40.905833,-11.907778
Epidendrum orchidiflorum,-41.233333,-11.944908
Epidendrum orchidiflorum,-41.343333,-12.979444
Epidendrum orchidiflorum,-41,-11.616667
Epidendrum orchidiflorum,-40.559167,-12.422222
Epidendrum orchidiflorum,-41.388583,-12.991111
Epidendrum orchidiflorum,-41.99722,-12.18306
Epidendrum orchidiflorum,-41.281667,-13.277778
Epidendrum orchidiflorum,-41.440278,-12.443056
Epidendrum orchidiflorum,-41.2875,-12.291944
Epidendrum orchidiflorum,-41.503056,-12.5025
Epidendrum orchidiflorum,-41.482778,-12.479722
Epidendrum orchidiflorum,-41.603056,-12.616111
Epidendrum orchidiflorum,-41.383333,-12.383333
Epidendrum orchidiflorum,-41.015,-11.011111
Epidendrum orchidiflorum,-40.000556,-11
Epidendrum orchidiflorum,-41.192778,-11.185556
Epidendrum orchidiflorum,-41.023889,-11.023611
Epidendrum orchidiflorum,-41.574444,-12.574722
Epidendrum orchidiflorum,-41.000833,-11.011389
Epidendrum orchidiflorum,-39.7,-12.7
Epidendrum orchidiflorum,-41.165,-11.158889
Epidendrum orchidiflorum,-41.683333,-12.683333
Epidendrum orchidiflorum,-41.376111,-12.382778
Epidendrum orchidiflorum,-40,-11
Epidendrum orchidiflorum,-41.097944,-11.583222
Epidendrum orchidiflorum,-41.440278,-12.459722
Epidendrum orchidiflorum,-41.471389,-12.458611
Epidendrum orchidiflorum,-41.35,-13.016667
Epidendrum orchidiflorum,-41.188611,-10.427778
Epidendrum orchidiflorum,-41,-11.625556
Epidendrum orchidiflorum,-41.266667,-12.95
Epidendrum parahybunense,-41.853611,-13.408333
Epidendrum paranaense,-41.916667,-13.916667
Epidendrum paranaense,-41.92,-13.25
Epidendrum paranaense,-41.91666,-13.25
Epidendrum patens,-38.909444,-4.268333
Epidendrum patens,-38.909306,-4.268472
Epidendrum pessoae,-35.700229,-6.968671
Epidendrum pessoae,-35.767222,-7.029167
Epidendrum pessoae,-36.021944,-7.907778
Epidendrum pessoae,-36.5625,-8.5625
Epidendrum proligerum,-41.373611,-13.371111
Epidendrum proligerum,-41.9,-13.9
Epidendrum pseudodifforme,-40.426111,-3.536667
Epidendrum pseudodifforme,-38.921111,-4.224722
Epidendrum pseudodifforme,-35.715,-6.966111
Epidendrum pseudodifforme,-36.754244,-9.910039
Epidendrum pseudodifforme,-35.715,-6.970833
Epidendrum pseudodifforme,-36.572231,-9.526475
Epidendrum pseudodifforme,-36.721311,-9.388897
Epidendrum pseudodifforme,-36.639739,-9.801019
Epidendrum pseudodifforme,-36.639506,-9.800772
Epidendrum pseudodifforme,-41.5,-12.5
Epidendrum pseudodifforme,-38.970556,-4.207222
Epidendrum pseudodifforme,-35.843944,-8.381944
Epidendrum ramosum,-38.719722,-3.901944
Epidendrum ramosum,-38.968889,-4.206667
Epidendrum ramosum,-38.970556,-4.206667
Epidendrum ramosum,-38.7225,-3.909722
Epidendrum ramosum,-38.721667,-3.910556
Epidendrum ramosum,-38.722778,-3.897778
Epidendrum ramosum,-38.72,-3.901111
Epidendrum ramosum,-36.368611,-6.1675
Epidendrum ramosum,-38.973889,-4.207778
Epidendrum ramosum,-41.233056,-13.397778
Epidendrum ramosum,-41.883333,-13.883333
Epidendrum ramosum,-36.572231,-9.526475
Epidendrum ramosum,-42.515,-14.512222
Epidendrum ramosum,-39.261944,-4.237222
Epidendrum ramosum,-38.961944,-4.237222
Epidendrum ramosum,-39.643611,-12.636389
Epidendrum ramosum,-41.380278,-13.373889
Epidendrum ramosum,-36.792666,-9.022388
Epidendrum ramosum,-38.723472,-3.904333
Epidendrum ramosum,-38.721528,-3.910639
Epidendrum ramosum,-38.723556,-3.900528
Epidendrum ramosum,-38.722417,-3.909722
Epidendrum ramosum,-38.970583,-4.20675
Epidendrum ramosum,-38.96875,-4.206583
Epidendrum ramosum,-38.725222,-3.9135
Epidendrum ramosum,-38.715389,-3.894444
Epidendrum ramosum,-36.792667,-9.022389
Epidendrum ramosum,-42.515,-14.895556
Epidendrum rigidum,-38.713056,-3.895278
Epidendrum rigidum,-38.815,-3.895556
Epidendrum rigidum,-38.725278,-3.913333
Epidendrum rigidum,-38.724389,-3.886833
Epidendrum rigidum,-38.731389,-3.897222
Epidendrum rigidum,-38.733889,-3.896667
Epidendrum rigidum,-38.732222,-3.898889
Epidendrum rigidum,-40.426111,-3.536667
Epidendrum rigidum,-35.843944,-8.381944
Epidendrum rigidum,-37.868611,-9.980833
Epidendrum rigidum,-35.458333,-6.735
Epidendrum rigidum,-36.851342,-9.722878
Epidendrum rigidum,-37.410278,-9.481944
Epidendrum rigidum,-38.213056,-11.124444
Epidendrum rigidum,-37.684167,-9.805278
Epidendrum rigidum,-36.572231,-9.526475
Epidendrum rigidum,-37.501544,-10.292592
Epidendrum rigidum,-36.637353,-9.464653
Epidendrum rigidum,-38.725222,-3.913333
Epidendrum rigidum,-38.815111,-3.895611
Epidendrum rigidum,-35.571111,-7.654722
Epidendrum rigidum,-38.92,-4.271111
Epidendrum rigidum,-38.71325,-3.895528
Epidendrum rigidum,-38.714056,-3.908889
Epidendrum rigidum,-36.409306,-8.201889
Epidendrum sanchezii,-38.973889,-4.207778
Epidendrum sanchezii,-38.974444,-4.208056
Epidendrum saxatile,-41.966667,-13.533333
Epidendrum saxatile,-41.9,-13.316667
Epidendrum saxatile,-40.25,-10
Epidendrum saxatile,-41.916667,-13.533333
Epidendrum saxatile,-40.594796,-11.428702
Epidendrum saxatile,-40.511111,-11.501667
Epidendrum saxatile,-41.333056,-13.397778
Epidendrum saxatile,-41.97,-13.53
Epidendrum saxatile,-41.92,-13.53
Epidendrum saxatile,-41.5,-12.85
Epidendrum saxatile,-41.9,-13.32
Epidendrum saxatile,-42,-11
Epidendrum saxatile,-38.961944,-4.237222
Epidendrum saxatile,-41.99722,-12.18306
Epidendrum saxatile,-41.4825,-12.476111
Epidendrum saxatile,-41.516667,-12.516667
Epidendrum saxatile,-41.5,-12.5
Epidendrum saxatile,-41.9,-13.9
Epidendrum saxatile,-40.367333,-10.670444
Epidendrum saxatile,-40.344119,-10.717111
Epidendrum saxatile,-41.000833,-11.6175
Epidendrum saxatile,-40.25,-10.3
Epidendrum saxatile,-38.970556,-4.207222
Epidendrum saxatile,-36.785667,-9.008
Epidendrum saxatile,-40.48,-11.22
Epidendrum secundum,-41.45,-12.6
Epidendrum secundum,-41.333333,-12.966667
Epidendrum secundum,-41.916667,-13.533333
Epidendrum secundum,-41.316667,-12.866667
Epidendrum secundum,-41.45,-12.45
Epidendrum secundum,-41.883334,-13.3
Epidendrum secundum,-41.966667,-13.533333
Epidendrum secundum,-41.95,-13.55
Epidendrum secundum,-41.483333,-12.6
Epidendrum secundum,-41.033333,-11.633333
Epidendrum secundum,-41.933334,-13.533333
Epidendrum secundum,-41.383333,-13
Epidendrum secundum,-41.266667,-13.7
Epidendrum secundum,-41.333333,-10.366667
Epidendrum secundum,-41.333333,-13.333333
Epidendrum secundum,-41.983334,-13.5
Epidendrum secundum,-41.488556,-12.600873
Epidendrum secundum,-41.017222,-11.605833
Epidendrum secundum,-41.766667,-14.133333
Epidendrum secundum,-41.638889,-13.014444
Epidendrum secundum,-41.383333,-12.566667
Epidendrum secundum,-41.968548,-13.52632
Epidendrum secundum,-39.533333,-12.533333
Epidendrum secundum,-41.383333,-12.383333
Epidendrum secundum,-41.191944,-11.184167
Epidendrum secundum,-41.377778,-13.368056
Epidendrum secundum,-39.466667,-12.466667
Epidendrum secundum,-40.506111,-11.511667
Epidendrum secundum,-39.4725,-12.469722
Epidendrum secundum,-40.536667,-12.545556
Epidendrum secundum,-40.494444,-11.489167
Epidendrum secundum,-41.509167,-12.514167
Epidendrum secundum,-41.466667,-12.466667
Epidendrum secundum,-40,-11
Epidendrum secundum,-41.5,-12.5
Epidendrum secundum,-41.633333,-12.633333
Epidendrum secundum,-40.407778,-10.41
Epidendrum secundum,-41.433333,-12.433333
Epidendrum secundum,-41.348056,-13.347222
Epidendrum secundum,-41.454722,-12.450278
Epidendrum secundum,-41.193056,-11.185278
Epidendrum secundum,-41.2,-11.2
Epidendrum secundum,-37.726389,-9.725556
Epidendrum secundum,-39.471944,-12.469722
Epidendrum secundum,-42.569722,-14.575278
Epidendrum secundum,-41.309444,-13.686389
Epidendrum secundum,-41.466667,-13.683333
Epidendrum secundum,-41.207222,-11.542222
Epidendrum secundum,-36.020556,-7.905833
Epidendrum secundum,-41.51,-12.755556
Epidendrum secundum,-41.471867,-12.45844
Epidendrum secundum,-35.783333,-8.2
Epidendrum secundum,-41.472102,-12.458747
Epidendrum secundum,-41.473082,-12.45542
Epidendrum secundum,-41.2075,-11.591389
Epidendrum secundum,-41.003056,-11.628333
Epidendrum secundum,-41.505833,-13.033889
Epidendrum secundum,-41.466667,-12.45
Epidendrum secundum,-38.686667,-3.885556
Epidendrum secundum,-41.001389,-11.635833
Epidendrum secundum,-41.15,-11.55
Epidendrum secundum,-40.516667,-11.166667
Epidendrum secundum,-41.366667,-13
Epidendrum secundum,-41.191944,-11.584167
Epidendrum secundum,-40.703056,-11.253056
Epidendrum secundum,-40.3,-12.516667
Epidendrum secundum,-41.000833,-11.628056
Epidendrum secundum,-41.833333,-13.283333
Epidendrum secundum,-41.2,-11.583333
Epidendrum secundum,-41.894167,-13.08
Epidendrum secundum,-41.508056,-12.7575
Epidendrum secundum,-41.515833,-12.760556
Epidendrum secundum,-40.506111,-11.350833
Epidendrum secundum,-40.483333,-11.166667
Epidendrum secundum,-41.470833,-12.455556
Epidendrum secundum,-41.433333,-12.45
Epidendrum secundum,-41.466667,-12.933333
Epidendrum secundum,-38.722222,-3.894444
Epidendrum secundum,-41.299444,-12.973889
Epidendrum secundum,-41.366389,-13.065833
Epidendrum secundum,-41.553036,-12.553776
Epidendrum secundum,-41.472242,-12.458058
Epidendrum secundum,-41.341446,-12.994577
Epidendrum secundum,-41.455142,-12.600633
Epidendrum secundum,-41.441287,-12.738295
Epidendrum secundum,-41.309444,-13.303056
Epidendrum secundum,-41.511389,-12.756111
Epidendrum secundum,-41.901489,-13.476994
Epidendrum secundum,-41.366389,-13.365833
Epidendrum secundum,-41.309444,-13.684722
Epidendrum secundum,-40.224056,-10.435392
Epidendrum secundum,-35.795444,-7.343833
Epidendrum secundum,-36.045278,-7.886111
Epidendrum secundum,-41.824167,-13.081111
Epidendrum secundum,-39.493556,-10.845361
Epidendrum secundum,-36.6775,-8.094167
Epidendrum secundum,-40.480278,-12.310278
Epidendrum secundum,-35.765444,-8.318803
Epidendrum secundum,-36.675972,-8.091083
Epidendrum secundum,-41.392778,-10.392222
Epidendrum secundum,-38.716667,-3.9
Epidendrum secundum,-41.332897,-12.938905
Epidendrum secundum,-41.305,-12.963889
Epidendrum secundum,-41.3925,-10.458889
Epidendrum secundum,-41.470556,-12.473611
Epidendrum secundum,-41.471803,-12.45917
Epidendrum secundum,-41.478553,-12.454495
Epidendrum secundum,-41.473056,-12.4575
Epidendrum secundum,-41.537783,-12.731117
Epidendrum secundum,-39.9,-12.755
Epidendrum secundum,-41.186389,-11.183333
Epidendrum secundum,-41.15,-11.15
Epidendrum secundum,-41.2,-11.6
Epidendrum secundum,-39.831389,-12.820556
Epidendrum secundum,-40.998056,-11.992222
Epidendrum secundum,-41.191389,-11.185833
Epidendrum secundum,-41.5,-12.85
Epidendrum secundum,-41.185833,-11.192778
Epidendrum secundum,-41.3,-12.3
Epidendrum secundum,-40.15,-11.15
Epidendrum secundum,-41.213333,-11.215278
Epidendrum secundum,-40.15,-11.55
Epidendrum secundum,-41.9,-13.28
Epidendrum secundum,-41.811389,-13.579167
Epidendrum secundum,-38.716944,-3.907778
Epidendrum secundum,-38.066667,-11.55
Epidendrum secundum,-42.519444,-14.882778
Epidendrum secundum,-41.760833,-13.150278
Epidendrum secundum,-41.206667,-11.590833
Epidendrum secundum,-41.8,-13.566667
Epidendrum secundum,-41.208056,-11.590833
Epidendrum secundum,-40.999722,-11.625833
Epidendrum secundum,-41.2075,-11.591667
Epidendrum secundum,-41.2075,-11.591111
Epidendrum secundum,-40.502778,-11.331389
Epidendrum secundum,-40.407778,-10.943333
Epidendrum secundum,-41.55,-12.516667
Epidendrum secundum,-40.695278,-11.239444
Epidendrum secundum,-41.45,-12.466667
Epidendrum secundum,-42.576111,-14.759167
Epidendrum secundum,-41.271667,-12.36
Epidendrum secundum,-41.310556,-13.302222
Epidendrum secundum,-41.454722,-12.600278
Epidendrum secundum,-41.266667,-13.683333
Epidendrum secundum,-41.471417,-12.459528
Epidendrum secundum,-41.3,-12.25
Epidendrum secundum,-36.754244,-9.910039
Epidendrum secundum,-41.5,-12.6
Epidendrum secundum,-41.5,-12.75
Epidendrum secundum,-41.8114684,-13.5828799
Epidendrum secundum,-38.201944,-9.166667
Epidendrum secundum,-41.059258,-13.126233
Epidendrum secundum,-41.200008,-11.973472
Epidendrum secundum,-41.002314,-12.055711
Epidendrum secundum,-41.763117,-13.007717
Epidendrum secundum,-41.403056,-10.415278
Epidendrum secundum,-36.019722,-7.908056
Epidendrum secundum,-40.688611,-11.216111
Epidendrum secundum,-40.5075,-11.186944
Epidendrum secundum,-40.467778,-12.315
Epidendrum secundum,-37.726389,-9.108611
Epidendrum secundum,-41.154167,-11.160556
Epidendrum secundum,-41.9,-13.28333
Epidendrum secundum,-41.195833,-11.435
Epidendrum secundum,-41.213528,-11.598139
Epidendrum secundum,-41.849444,-13.060833
Epidendrum secundum,-41.281667,-13.277778
Epidendrum secundum,-35.753333,-8.327222
Epidendrum secundum,-38.72,-3.91
Epidendrum secundum,-41.477778,-12.471389
Epidendrum secundum,-41.471389,-12.475278
Epidendrum secundum,-41.469444,-12.473333
Epidendrum secundum,-41.470833,-12.472222
Epidendrum secundum,-41.496111,-12.486944
Epidendrum secundum,-41.485278,-12.486667
Epidendrum secundum,-41.511389,-12.506111
Epidendrum secundum,-40.373056,-10.378333
Epidendrum secundum,-41.269722,-11.279722
Epidendrum secundum,-41.015,-11.011111
Epidendrum secundum,-41.208611,-11.207778
Epidendrum secundum,-40.000556,-11
Epidendrum secundum,-41.457778,-12.463889
Epidendrum secundum,-40.6,-11.6
Epidendrum secundum,-41.023889,-11.023611
Epidendrum secundum,-40.248611,-10.233889
Epidendrum secundum,-36.407778,-8.410833
Epidendrum secundum,-40.999722,-11.991944
Epidendrum secundum,-40.480833,-12.479167
Epidendrum secundum,-41.85,-13.85
Epidendrum secundum,-41.481111,-12.469444
Epidendrum secundum,-41.335,-12.336667
Epidendrum secundum,-41.760833,-13.750278
Epidendrum secundum,-39.475833,-12.470278
Epidendrum secundum,-41.326944,-10.318611
Epidendrum secundum,-41.9,-13.9
Epidendrum secundum,-36.386638,-8.241944
Epidendrum secundum,-41.983333,-13.5
Epidendrum secundum,-41,-11.616667
Epidendrum secundum,-41.441389,-12.464444
Epidendrum secundum,-41.471389,-12.458611
Epidendrum secundum,-41.883333,-13.3
Epidendrum secundum,-41.933333,-13.533333
Epidendrum secundum,-41.45,-13.583333
Epidendrum secundum,-35.856667,-7.023333
Epidendrum secundum,-36.407778,-8.194167
Epidendrum secundum,-41.03,-11.374
Epidendrum secundum,-41.1959,-11.292
Epidendrum secundum,-41.023,-11.3736
Epidendrum secundum,-36.385,-8.240833
Epidendrum secundum,-41.537778,-12.731111
Epidendrum secundum,-41.207222,-11.59
Epidendrum secundum,-41,-11.625556
Epidendrum secundum,-36.067778,-8.353889
Epidendrum secundum,-35.8375,-8.334722
Epidendrum secundum,-38.723333,-3.90475
Epidendrum secundum,-41.477778,-12.460278
Epidendrum secundum,-41.471389,-12.457778
Epidendrum secundum,-41.725833,-12.75
Epidendrum secundum,-41.785278,-12.75
Epidendrum secundum,-41.521111,-12.550556
Epidendrum secundum,-38.666667,-3.916667
Epidendrum secundum,-40.999722,-11.625
Epidendrum secundum,-40.546389,-11.939722
Epidendrum secundum,-41.65,-13.233333
Epidendrum secundum,-40.516667,-11.333333
Epidendrum secundum,-40.538056,-11.3975
Epidendrum secundum,-41.335,-12.97
Epidendrum silvae,-39.683333,-12.7
Epidendrum strobiliferum,-41.483333,-12.483333
Epidendrum strobiliferum,-35.613889,-5.6025
Epidendrum strobiliferum,-38.972222,-4.207778
Epidendrum strobiliferum,-37.622269,-10.818781
Epidendrum strobiliferum,-37.457153,-9.905942
Epidendrum tridactylum,-36.571111,-8.5675
Epidendrum tridactylum,-39.633333,-12.7
Epidendrum tridactylum,-36.368611,-6.1675
Epidendrum tridactylum,-36.401667,-8.211389
Epidendrum tridactylum,-36.414278,-8.208417
Epidendrum tridactylum,-38.027566,-8.65175
Epidendrum tridactylum,-36.401389,-8.185833
Epidendrum warasii,-41.886389,-3.05
Epidendrum warasii,-41.95,-13.55
Epidendrum warasii,-41.933334,-13.533333
Epidendrum warasii,-42.174167,-12.685278
Epidendrum warasii,-41.8775,-13.050833
Epidendrum warasii,-41.904444,-13.093056
Epidendrum warasii,-41.366667,-13
Epidendrum warasii,-41.6,-13.15
Epidendrum warasii,-41.828889,-12.651944
Epidendrum warasii,-41.993417,-12.430056
Epidendrum warasii,-41.391944,-10.384444
Epidendrum warasii,-41.15,-11.15
Epidendrum warasii,-41.93,-13.53
Epidendrum warasii,-41.828056,-13.597778
Epidendrum warasii,-41.87,-13.3
Epidendrum warasii,-41.883333,-13.05
Epidendrum warasii,-41.816667,-13.583333
Epidendrum warasii,-41.482222,-10.330138
Epidendrum warasii,-41.945278,-13.949444
Epidendrum warasii,-41.373889,-13.383056
Epidendrum warasii,-41.603056,-12.616111
Epidendrum warasii,-41.164722,-11.157778
Epidendrum warasii,-40.999722,-11.991944
Epidendrum warasii,-41.933333,-13.933333
Epidendrum warasii,-41,-11
Epidendrum warasii,-41.886389,-13.894167
Epidendrum warasii,-41.828056,-13.831111
Epidendrum warasii,-41.933333,-13.533333
Epidendrum warasii,-41.886389,-13.060556
Epidendrum warasii,-41.332778,-11.600556
Epistephium hernandii,-67.47,4.3
Epistephium laxiflorum,-41.9,-13.9
Epistephium sclerophyllum,-42.992222,-14.912778
Epistephium sclerophyllum,-41.470556,-12.458333
Epistephium sclerophyllum,-41.299444,-12.973611
Epistephium sclerophyllum,-41.470556,-12.475
Epistephium sclerophyllum,-41.364444,-12.996944
Epistephium sclerophyllum,-41.9425,-13.518056
Epistephium sclerophyllum,-41.788889,-13.795278
Epistephium sclerophyllum,-41.788889,-13.078611
Epistephium sclerophyllum,-41.320833,-12.819722
Epistephium subrepens,-67.4666667,4.3
Epistephium williamsii,-41.866667,-13.283333
Epistephium williamsii,-41.933334,-13.533333
Epistephium williamsii,-41.35,-13.016667
Epistephium williamsii,-41.3,-13.583333
Epistephium williamsii,-41.466667,-12.45
Epistephium williamsii,-41.316667,-12.866667
Epistephium williamsii,-41.916667,-13.533333
Epistephium williamsii,-40.25,-10
Epistephium williamsii,-41.44148,-12.810225
Epistephium williamsii,-41.466667,-13.683333
Epistephium williamsii,-41.465467,-12.892564
Epistephium williamsii,-40.594796,-11.428702
Epistephium williamsii,-41.763283,-13.151426
Epistephium williamsii,-41.933333,-13.933333
Epistephium williamsii,-41.883333,-13.883333
Epistephium williamsii,-41.466667,-12.466667
Epistephium williamsii,-39.466667,-12.466667
Epistephium williamsii,-41.376944,-13.366944
Epistephium williamsii,-41.906667,-13.901389
Epistephium williamsii,-41.8,-13.8
Epistephium williamsii,-41.341667,-12.341667
Epistephium williamsii,-41.289722,-13.680556
Epistephium williamsii,-41.508797,-12.544258
Epistephium williamsii,-41.470833,-12.455556
Epistephium williamsii,-41.940833,-13.538889
Epistephium williamsii,-35.452778,-6.646944
Epistephium williamsii,-41.940833,-13.518889
Epistephium williamsii,-39.28,-12.51
Epistephium williamsii,-42.5575,-14.553889
Epistephium williamsii,-41.474444,-12.604167
Epistephium williamsii,-41.866667,-13.45
Epistephium williamsii,-41.344167,-12.8025
Epistephium williamsii,-41.374722,-13.006667
Epistephium williamsii,-41.383333,-12.566667
Epistephium williamsii,-41.484722,-12.536944
Epistephium williamsii,-42.35,-13.983333
Epistephium williamsii,-41.937222,-13.9375
Epistephium williamsii,-41.299444,-12.973889
Epistephium williamsii,-41.286389,-13.681667
Epistephium williamsii,-41.751667,-13.166667
Epistephium williamsii,-41.243333,-13.399444
Epistephium williamsii,-41.3,-13.58
Epistephium williamsii,-41.47,-12.45
Epistephium williamsii,-41.211944,-12.201111
Epistephium williamsii,-42.4,-13.75
Epistephium williamsii,-41.341389,-12.341667
Epistephium williamsii,-41.194167,-11.19
Epistephium williamsii,-41.5,-12.85
Epistephium williamsii,-39.533333,-12.533333
Epistephium williamsii,-41.452778,-12.456667
Epistephium williamsii,-41.9075,-13.518056
Epistephium williamsii,-41.203056,-13.521944
Epistephium williamsii,-41.316667,-12.8
Epistephium williamsii,-41.853611,-13.104167
Epistephium williamsii,-41.383333,-12.55
Epistephium williamsii,-41.45,-12.466667
Epistephium williamsii,-41.340833,-12.988333
Epistephium williamsii,-41.366667,-13
Epistephium williamsii,-41.816667,-13.583333
Epistephium williamsii,-41.326667,-12.995278
Epistephium williamsii,-42.716667,-14.35
Epistephium williamsii,-41.650556,-13.659167
Epistephium williamsii,-37.340278,-10.473056
Epistephium williamsii,-41.3,-13.58333
Epistephium williamsii,-40.25,-10.3
Epistephium williamsii,-41.327911,-12.939004
Epistephium williamsii,-41.92,-13.53
Epistephium williamsii,-41.88,-13.27
Epistephium williamsii,-41.78,-13.15
Epistephium williamsii,-41.88,-13.57
Epistephium williamsii,-41.9,-13.25
Epistephium williamsii,-41.35,-13.02
Epistephium williamsii,-41.1558252,-11.5539318
Epistephium williamsii,-41.32,-12.87
Epistephium williamsii,-41.619939,-13.024522
Epistephium williamsii,-41.400278,-12.464444
Epistephium williamsii,-41.783333,-13.15
Epistephium williamsii,-40.25,-10.005
Epistephium williamsii,-41.99722,-12.18306
Epistephium williamsii,-41.470833,-12.472222
Epistephium williamsii,-41.496111,-12.486944
Epistephium williamsii,-41.505556,-12.512778
Epistephium williamsii,-41.120556,-11.133056
Epistephium williamsii,-41.419167,-12.431111
Epistephium williamsii,-41.915278,-13.901667
Epistephium williamsii,-41.376389,-13.383056
Epistephium williamsii,-41.162778,-11.163056
Epistephium williamsii,-41.116667,-11.116667
Epistephium williamsii,-41.423056,-12.428333
Epistephium williamsii,-42.4,-13.4
Epistephium williamsii,-41.233333,-13.233333
Epistephium williamsii,-41.5,-12.5
Epistephium williamsii,-41.383333,-12.383333
Epistephium williamsii,-41.203056,-13.205278
Epistephium williamsii,-41.819722,-13.828889
Epistephium williamsii,-41.566667,-12.566667
Epistephium williamsii,-41.946944,-13.524167
Epistephium williamsii,-41.116667,-11.9
Epistephium williamsii,-41.35,-12.983333
Epistephium williamsii,-41.933333,-13.533333
Epistephium williamsii,-41.376389,-13.775
Epistephium williamsii,-40.516667,-11.333333
Erycina pusilla,-40.518056,-11.180833
Erycina pusilla,-37.811111,-10.738333
Erycina pusilla,-40.5180838,-11.1844226
Erycina pusilla,-36.572067,-9.526233
Eulophia alta,-38.1167,-6.58333
Eulophia maculata,-40.449783,-10.901847
Eulophia maculata,-37.294861,-9.532161
Eulophia maculata,-35.380358,-6.10647
Eulophia maculata,-36.327239,-7.128356
Eulophia maculata,-36.665361,-7.663642
Eulophia maculata,-41.916667,-13.916667
Eulophia maculata,-39.899167,-12.888333
Eulophia maculata,-39.898611,-12.89
Eulophia maculata,-40.198611,-10.198611
Eulophia maculata,-40.490556,-12.488611
Eulophia maculata,-39.783333,-12.783333
Eulophia maculata,-36.352903,-7.417292
Eulophia maculata,-41.491944,-12.488056
Eulophia maculata,-44.362936,-15.485045
Eulophia maculata,-35.377222,-5.882778
Eulophia maculata,-35.529722,-6.301944
Eulophia maculata,-35.434444,-6.516944
Eulophia maculata,-41.723333,-4.0625
Eulophia maculata,-41.316667,-12.65
Eulophia maculata,-38.816667,-3.566667
Eulophia maculata,-40.913611,-3.845278
Eulophia maculata,-35.747324,-6.972538
Eulophia maculata,-41.770556,-4.288056
Eulophia maculata,-35.715041,-6.975497
Eulophia maculata,-41.386547,-12.567563
Eulophia maculata,-40.109722,-2.909167
Eulophia maculata,-39.596146,-11.871571
Eulophia maculata,-39.974444,-11.635
Eulophia maculata,-36.676361,-8.093278
Eulophia maculata,-35.492259,-6.851147
Eulophia maculata,-42.52,-14.05
Eulophia maculata,-41.92,-13.2
Eulophia maculata,-41.166667,-12.683333
Eulophia maculata,-42.549444,-14.698611
Eulophia maculata,-37.684167,-9.805278
Eulophia maculata,-38.72,-3.88
Eulophia maculata,-35.558611,-6.778611
Eulophia maculata,-38.110533,-11.531189
Eulophia maculata,-38.309167,-11.189722
Eulophia maculata,-37.628611,-10.863611
Eulophia maculata,-38.416861,-10.113722
Eulophia maculata,-38.101917,-10.746431
Eulophia maculata,-37.967694,-9.723167
Eulophia maculata,-38.183333,-10.708333
Eulophia maculata,-37.65,-10.917222
Eulophia maculata,-40.198611,-10.365278
Eulophia maculata,-35.919971,-6.84
Eulophia maculata,-36.754244,-9.910039
Eulophia maculata,-42.529722,-14.525
Eulophia maculata,-40.905833,-11.907778
Eulophia maculata,-37.594436,-10.225925
Eulophia maculata,-37.496544,-9.889461
Eulophia maculata,-37.456172,-10.273611
Eulophia maculata,-38.223989,-10.490817
Eulophia maculata,-39.393611,-7.316083
Eulophia maculata,-36.680408,-9.420822
Eulophia maculata,-37.191614,-9.741172
Eulophia maculata,-36.721311,-9.388897
Eulophia maculata,-36.572231,-9.526475
Eulophia maculata,-37.058728,-9.683628
Eulophia maculata,-37.423203,-9.617808
Eulophia maculata,-36.772431,-9.497014
Eulophia maculata,-36.639739,-9.801019
Eulophia maculata,-38.487631,-9.446836
Eulophia maculata,-38.136744,-9.468572
Eulophia maculata,-40.5054,-13.263889
Eulophia maculata,-37.49645,-9.888733
Eulophia maculata,-36.186944,-8.239444
Eulophia maculata,-39.067222,-11.075
Eulophia maculata,-39.568611,-7.994167
Eulophia maculata,-41.073333,-3.6225
Eulophia maculata,-36.186667,-8.239167
Eulophia maculata,-38.4,-6.275
Eulophia maculata,-35.825,-5.711111
Eulophia maculata,-41.311111,-12.300278
Eulophia maculata,-41.31,-12.316111
Eulophia maculata,-39.526944,-12.529444
Eulophia maculata,-39.201111,-11.212222
Eulophia maculata,-35.529722,-6.518611
Eulophia maculata,-42.243611,-13.246111
Eulophia maculata,-42.247222,-13.246389
Eulophia maculata,-40.109444,-13.111389
Eulophia maculata,-38.433889,-10.437222
Eulophia maculata,-40.509167,-11.507222
Eulophia maculata,-40.506389,-11.516389
Eulophia maculata,-37.226583,-8.530527
Eulophia maculata,-37.245333,-8.53175
Eulophia maculata,-39.322333,-7.3655
Eulophia maculata,-38.134583,-9.081672
Eulophia maculata,-38.111861,-7.845027
Eulophia maculata,-38.134583,-9.081722
Eulophia maculata,-36.738761,-8.990991
Eulophia maculata,-40.998472,-11.622277
Eulophia maculata,-35.585278,-6.892222
Eulophia maculata,-37.124722,-7.841944
Eulophia maculata,-35.741667,-6.558333
Eulophia maculata,-35.691389,-6.963333
Eulophia maculata,-41.711111,-4.100556
Eulophia maculata,-41.711194,-4.100611
Eulophia maculata,-42.546389,-14.338611
Eulophia maculata,-36.385,-8.240833
Eulophia maculata,-35.843944,-8.381944
Eulophia maculata,-37.4175,-10.035278
Eulophia maculata,-36.409306,-8.201889
Eurystyles actinosophila,-40.536667,-12.545556
Eurystyles actinosophila,-40.536667,-12.412222
Eurystyles cotyledon,-36.3975,-8.395556
Galeandra beyrichii,-41.193333,-11.189444
Galeandra beyrichii,-39.475833,-12.470556
Galeandra beyrichii,-41.024444,-11.031111
Galeandra beyrichii,-40.491111,-12.485
Galeandra montana,-41.916667,-13.066667
Galeandra montana,-40.207778,-10.208611
Galeandra montana,-41.211944,-13.201111
Galeandra montana,-40.475556,-12.481111
Galeandra montana,-42.212222,-13.462222
Galeandra montana,-41.875,-13.542778
Galeandra montana,-37.210833,-8.556944
Galeandra montana,-41.92,-13.07
Galeandra montana,-38.533333,-10.833333
Galeandra montana,-40.559167,-12.422222
Galeandra montana,-42.355833,-13.773056
Gomesa barbaceniae,-37.7833,-5.88333
Gomesa barbata,-36.761667,-8.310278
Gomesa barbata,-39.067802,-11.627727
Gomesa barbata,-39.080833,-10.0775
Gomesa barbata,-35.649444,-5.651944
Gomesa barbata,-40.846667,-4.015833
Gomesa barbata,-35.430556,-5.594167
Gomesa barbata,-35.4075,-5.667222
Gomesa barbata,-41.020556,-11.683889
Gomesa barbata,-38.216667,-9.4
Gomesa barbata,-39.133333,-9.9
Gomesa barbata,-38.724858,-3.886511
Gomesa barbata,-35.998524,-5.759156
Gomesa barbata,-38.932676,-4.265737
Gomesa barbata,-35.765,-6.973889
Gomesa barbata,-36.676667,-8.096111
Gomesa barbata,-37.386111,-7.258056
Gomesa barbata,-39.616389,-3.609167
Gomesa barbata,-41.168889,-11.496944
Gomesa barbata,-35.983056,-7.185556
Gomesa barbata,-39.2,-11.5
Gomesa barbata,-37.684167,-9.805278
Gomesa barbata,-37.811111,-10.738333
Gomesa barbata,-37.65,-10.917222
Gomesa barbata,-36.754244,-9.910039
Gomesa barbata,-36.572231,-9.526475
Gomesa barbata,-37.893889,-9.312222
Gomesa barbata,-37.423203,-9.617808
Gomesa barbata,-37.058489,-9.682869
Gomesa barbata,-38.253858,-9.218981
Gomesa barbata,-35.843889,-8.381944
Gomesa barbata,-38.076667,-7.831389
Gomesa barbata,-39.067222,-11.075
Gomesa barbata,-36.722378,-9.433758
Gomesa barbata,-39.32528,-5.40278
Gomesa barbata,-40.984444,-3.650583
Gomesa barbata,-38.931806,-4.218056
Gomesa barbata,-38.033333,-11.033333
Gomesa barbata,-39.2,-11.2
Gomesa barbata,-39.202222,-11.208611
Gomesa barbata,-41.269722,-11.279444
Gomesa barbata,-40.21,-10.204444
Gomesa barbata,-40.21,-10.202778
Gomesa barbata,-40.6,-11.6
Gomesa barbata,-39.0675,-11.078611
Gomesa barbata,-41.027222,-11.017778
Gomesa barbata,-39.338722,-10.429
Gomesa barbata,-38.111861,-7.845027
Gomesa barbata,-39.010556,-4.285278
Gomesa barbata,-38.919556,-4.298417
Gomesa barbata,-35.691389,-6.963333
Gomesa barbata,-40.540903,-11.863081
Gomesa barbata,-38.033333,-8.7
Gomesa barbata,-37.594436,-10.225925
Gomesa barbata,-37.666667,-8.083333
Gomesa barbata,-37.71122222,-9.047277778
Gomesa barkeri,-36,-8.310556
Gomesa ramosa,-41.302647,-11.539475
Gomesa ramosa,-41.202983,-12.849786
Gomesa ramosa,-40.513056,-11.244444
Gomesa ramosa,-41.92,-13.25
Gomesa ramosa,-41.77805,-12.21875
Gomesa ramosa,-41.481667,-12.606806
Gomesa ramosa,-41.99722,-12.18306
Gomesa ramosa,-41.511389,-12.506111
Gomesa caatingana,-36.6775,-8.094167
Gomesa caatingana,-36.72,-8.320833
Gomesa caatingana,-36.062222,-8.364167
Gomesa caatingana,-36.107778,-8.100278
Gomesa ciliata,-40.536667,-12.545556
Gomesa ciliata,-40.109444,-13.111389
Gomesa ciliata,-35.691389,-6.963333
Gomesa ciliata,-37.344167,-5.1875
Gomesa ciliata,-36.275,-5.841667
Gomesa ciliata,-35.9925,-8.395278
Gomesa ciliata,-35.843944,-8.381944
Gomesa ciliata,-36.403583,-8.200361
Gomesa flexuosa,-36.768611,-8.317778
Gomesa flexuosa,-39.475556,-12.469722
Gomesa flexuosa,-39.466667,-12.466667
Gomesa flexuosa,-40.3,-12.516667
Gomesa flexuosa,-36.076361,-8.093278
Gomesa flexuosa,-39.685944,-12.717222
Gomesa flexuosa,-39.685872,-12.717222
Gomesa flexuosa,-40.534722,-12.540833
Gomesa flexuosa,-39.476944,-12.469722
Gomesa flexuosa,-36.19203,-8.2363
Gomesa flexuosa,-39.475833,-12.471389
Gomesa flexuosa,-39.473611,-12.475833
Gomesa flexuosa,-40.536667,-12.545556
Gomesa flexuosa,-40.536667,-12.412222
Gomesa flexuosa,-40.534722,-12.4075
Gomesa flexuosa,-40.183333,-13.933333
Gomesa flexuosa,-36.191472,-8.235639
Gomesa flexuosa,-36.385,-8.240833
Gomesa flexuosa,-36.188972,-8.239389
Gomesa flexuosa,-36.107778,-8.200278
Gomesa flexuosa,-35.864444,-8.332611
Gomesa flexuosa,-35.8375,-8.334722
Gomesa flexuosa,-40.2075,-14.3625
Gomesa florida,-40.518889,-11.517222
Gomesa florida,-40.535,-12.546111
Gomesa gomezoides,-41.9,-14.9
Gomesa gomezoides,-41.900833,-13.916111
Gomesa gomezoides,-41.9,-14.27
Gomesa gomezoides,-41.92,-13.27
Gomesa gomezoides,-41.916667,-13.916667
Gomesa praetexta,-40.131944,-4.781944
Gomesa praetexta,-36.676389,-8.08
Gomesa praetexta,-41.95,-13.3
Gomesa praetexta,-41.3417,-14.3537
Gomesa hydrophila,-41.508611,-13.468611
Gomesa hydrophila,-36.6775,-8.094167
Gomesa hydrophila,-36.402139,-8.188278
Gomesa hydrophila,-41.309444,-13.684722
Gomesa hydrophila,-36.675972,-8.091083
Gomesa hydrophila,-40.539806,-11.394444
Gomesa hydrophila,-41.9,-13.25
Gomesa hydrophila,-41.87,-13.33
Gomesa imperatoris-maximiliani,-41.9,-13.25
Gomesa maculosa,-41.866667,-13.333333
Gomesa nitida,-40.7025,-11.254722
Gomesa praetexta,-41.95,-13.3
Gomesa praetexta,-41.9,-13.9
Gomesa praetexta,-41.95,-13.95
Gomesa praetexta,-40.220833,-5.284722
Gomesa praetexta,-41.905806,-13.267545
Gomesa praetexta,-41.9,-13.25
Gomesa praetexta,-38.166667,-7.833333
Gomesa ramosa,-41.266667,-13.7
Gomesa ramosa,-41.333333,-13.666667
Gomesa ramosa,-40.202222,-10.212778
Gomesa ramosa,-41.344167,-13.3475
Gomesa ramosa,-41.633333,-12.633333
Gomesa ramosa,-41.2,-11.2
Gomesa ramosa,-40.480833,-12.479167
Gomesa ramosa,-40.491111,-12.488056
Gomesa ramosa,-41.341389,-12.9925
Gomesa ramosa,-41.441389,-12.464444
Gomesa ramosa,-41.45,-12.466667
Gomesa ramosa,-41.45,-12.45
Gomesa ramosa,-41.316667,-12.883333
Gomesa ramosa,-41.65,-13.233333
Gomesa ramosa,-42.575556,-14.758056
Gomesa ramosa,-42.576111,-14.759167
Gomesa ramosa,-41.470833,-12.455556
Gomesa ramosa,-41.383333,-12.566667
Gomesa ramosa,-41.366667,-13
Gomesa ramosa,-40.695278,-11.239444
Gomesa ramosa,-41.2,-11.6
Gomesa ramosa,-41.27,-13.7
Gomesa ramosa,-40.333333,-12.333333
Gomesa ramosa,-41.5,-12.5
Gomesa ramosa,-41.778056,-12.218889
Gomesa ramosa,-41.92,-13.25
Gomesa ramosa,-41.438889,-12.455556
Gomesa ramosa,-41.515833,-12.760556
Gomesa ramosa,-41.900278,-13.291111
Gomesa ramosa,-40.701944,-11.250833
Gomesa ramosa,-42.059258,-12.75
Gomesa ramosa,-40.525,-11.269722
Gomesa ramosa,-40.5075,-11.203611
Gomesa ramosa,-41.470833,-12.472222
Gomesa ramosa,-41.452778,-12.456667
Gomesa ramosa,-41.103889,-11.100833
Gomesa ramosa,-40,-11
Gomesa ramosa,-40.483333,-12.484167
Gomesa ramosa,-41.575556,-12.575833
Gomesa ramosa,-40.332222,-10.326667
Gomesa ramosa,-40.318333,-10.326667
Gomesa ramosa,-41.383333,-12.383333
Gomesa ramosa,-40.416667,-12.416667
Gomesa ramosa,-41.4,-13
Gomesa ramosa,-40.48,-11.22
Gomesa ranifera,-41.2,-11.2
Gomesa ranifera,-41.383333,-12.383333
Gomesa ranifera,-39.479722,-12.468056
Gomesa ranifera,-40.516667,-11.333333
Gomesa ranifera,-39.466667,-12.466667
Gomesa ranifera,-40.109444,-13.111389
Gomesa ranifera,-36.721311,-9.388897
Gomesa recurva,-36,-8.010556
Gomesa recurva,-40.109444,-13.111389
Gomesa recurva,-36.504861,-9.402825
Gomesa recurva,-36.721311,-9.388897
Gomesa recurva,-36.786389,-9.541361
Gomesa recurva,-39.466667,-12.466667
Gomesa sincorana,-41.266667,-13.7
Gomesa sincorana,-41.483333,-12.6
Gomesa sincorana,-41.3,-13.7
Gomesa sincorana,-41.9,-13.283333
Gomesa sincorana,-41.883334,-13.3
Gomesa sincorana,-41.9,-13.25
Gomesa sincorana,-41.866667,-13.333333
Gomesa sincorana,-41.885556,-13.899167
Gomesa sincorana,-41.9,-13.9
Gomesa sincorana,-41.5,-12.5
Gomesa sincorana,-41.53585,-12.936818
Gomesa sincorana,-41.295556,-13.307778
Gomesa sincorana,-41.515833,-12.760556
Gomesa sincorana,-41.808056,-13.155833
Gomesa sincorana,-41.366389,-13.065833
Gomesa sincorana,-41.8825,-13.371111
Gomesa sincorana,-41.286389,-13.681667
Gomesa sincorana,-41.9,-13.28
Gomesa sincorana,-41.27,-13.7
Gomesa sincorana,-41.45,-12.45
Gomesa sincorana,-41.5,-12.85
Gomesa sincorana,-41.896667,-13.887222
Gomesa sincorana,-41.33,-13.67
Gomesa sincorana,-41.87,-13.33
Gomesa sincorana,-41.48,-12.6
Gomesa sincorana,-41.5,-12.75
Gomesa sincorana,-41.383333,-12.566667
Gomesa sincorana,-41.366667,-13.366667
Gomesa sincorana,-41.503333,-12.514444
Gomesa sincorana,-41.1525,-13.157222
Gomesa sincorana,-41.85,-13.859722
Gomesa sincorana,-41.377778,-13.376667
Gomesa sincorana,-41.379444,-13.373333
Gomesa sincorana,-41.375278,-13.377222
Gomesa sincorana,-41.481111,-12.469444
Gomesa sincorana,-41.866667,-13.866667
Gomesa sincorana,-41.483333,-12.483333
Gomesa sincorana,-41.883333,-13.3
Gomesa sincorana,-41.45,-13.583333
Gomesa sincorana,-41.333333,-13.666667
Gomesa sincorana,-41.882306,-13.325917
Gomesa varicosa,-41.816667,-13.3
Gomesa varicosa,-42.281667,-12.279444
Gomesa varicosa,-41.092608,-3.567575
Gomesa varicosa,-41.208056,-11.592222
Gomesa varicosa,-41.828889,-12.651944
Gomesa varicosa,-41.759444,-13.754167
Gomesa varicosa,-41.816667,-13.816667
Gomesa varicosa,-41.82,-13.3
Gomesa varicosa,-40.15,-11.15
Gomesa varicosa,-41.270278,-11.279167
Gomesa varicosa,-41.270556,-11.279167
Gomesa varicosa,-41.304722,-11.311944
Gomesa varicosa,-41.269722,-11.279722
Gomesa varicosa,-41.269722,-11.279444
Gomesa varicosa,-41.3418,-14.3556
Gomesa warmingii,-41.916667,-13.533333
Gomesa warmingii,-41.497479,-12.595942
Gomesa warmingii,-41.92,-13.53
Gomesa warmingii,-41.509167,-12.514167
Gomesa warmingii,-41.92,-13.25
Gomesa warmingii,-41.901667,-13.290833
Gomesa warmingii,-41.916667,-13.25
Gomesa warmingii,-41.5,-12.5
Gomesa warmingii,-41.916667,-13.916667
Gomesa warmingii,-41.95,-13.516667
Gongora quinquenervis,-38.716667,-3.9
Gongora quinquenervis,-38.933056,-4.297222
Gongora quinquenervis,-36.572231,-9.526475
Gongora quinquenervis,-38.933056,-4.297167
Grobya amherstiae,-41.883333,-13.883333
Grobya amherstiae,-41.916667,-13.916667
Habenaria alpestris,-40.850444,-4.12125
Habenaria alpestris,-41.207222,-11.207778
Habenaria amambayensis,-35.611111,-5.600833
Habenaria armata,-41.558889,-12.529167
Habenaria armata,-41.5589516,-12.5328554
Habenaria armata,-41.480389,-12.6065
Habenaria armata,-41.479194,-12.604556
Habenaria bahiensis,-41.483333,-12.483333
Habenaria bahiensis,-41.383333,-12.566667
Habenaria bahiensis,-41.366667,-12.516667
Habenaria bractescens,-41.83,-13.6
Habenaria bractescens,-41.83333,-13.6
Habenaria bractescens,-41.816667,-13.828056
Habenaria bractescens,-40.905556,-11.9075
Habenaria bractescens,-40.905889,-11.55925
Habenaria bractescens,-41.833333,-13.608889
Habenaria bractescens,-41.833333,-13.6
Habenaria caldensis,-41.9,-13.25
Habenaria caldensis,-41.9,-13.9
Habenaria ciliatisepala,-41.960556,-13.523611
Habenaria ciliatisepala,-41.9605,-13.523556
Habenaria ciliatisepala,-41.486944,-12.549167
Habenaria ciliatisepala,-41.383333,-12.566667
Habenaria crucifera,-41.466111,-12.456944
Habenaria cryptophila,-37.416667,-10.539444
Habenaria cryptophila,-36.305556,-8.316667
Habenaria cryptophila,-37.510842,-9.516644
Habenaria cryptophila,-36.721311,-9.388897
Habenaria cryptophila,-37.423203,-9.617808
Habenaria cryptophila,-36.572231,-9.526475
Habenaria cryptophila,-37.058489,-9.682869
Habenaria cryptophila,-36.786389,-9.541361
Habenaria cryptophila,-36.722378,-9.433758
Habenaria cryptophila,-39.065,-11.065833
Habenaria depressifolia,-38.569444,-7.569444
Habenaria depressifolia,-38.569444,-7.0525
Habenaria edwallii,-41.155833,-11.550278
Habenaria edwallii,-41.1558252,-11.5539318
Habenaria entomantha,-41.95,-13.55
Habenaria entomantha,-40.520278,-11.386111
Habenaria fluminensis,-41.45,-13.583333
Habenaria fluminensis,-41.033333,-11.633333
Habenaria fluminensis,-41.366667,-12.516667
Habenaria fluminensis,-41.341389,-12.992222
Habenaria fluminensis,-41.03,-11.63
Habenaria fluminensis,-41.45,-13.58
Habenaria fluminensis,-41.15,-11.55
Habenaria fluminensis,-41.374722,-13.006667
Habenaria fluminensis,-41.476722,-12.602972
Habenaria fluminensis,-40.528361,-11.348361
Habenaria fluminensis,-41.383333,-13.383333
Habenaria fluminensis,-41.566667,-13.566667
Habenaria fluminensis,-41.377222,-13.377222
Habenaria fluminensis,-41.366667,-13.366667
Habenaria fluminensis,-41.348056,-13.347222
Habenaria fluminensis,-41.383333,-12.383333
Habenaria fluminensis,-41.466667,-12.466667
Habenaria glaucophylla,-38.025528,-8.655056
Habenaria glaucophylla,-39.065,-11.065833
Habenaria glaucophylla,-39.068611,-11.078889
Habenaria glaucophylla,-38.027566,-8.65175
Habenaria glaucophylla,-38.025527,-8.655055
Habenaria gourlieana,-41.95,-13.55
Habenaria goyazensis,-37.811111,-10.738333
Habenaria goyazensis,-36.722378,-9.433758
Habenaria gracilis,-41.155833,-11.550278
Habenaria gracilis,-41.95,-13.55
Habenaria gracilis,-41.1558252,-11.5539318
Habenaria gracilis,-39.32528,-5.40278
Habenaria hamata,-41.466667,-12.45
Habenaria hamata,-38.054167,-7.823889
Habenaria hamata,-38.054167,-7.056944
Habenaria hamata,-41.485221,-12.507262
Habenaria hamata,-41.577222,-12.51
Habenaria hamata,-41.366667,-13
Habenaria hamata,-41.472222,-12.45
Habenaria hamata,-41.366667,-12.516667
Habenaria hamata,-38.1,-7.833333
Habenaria hamata,-40.881667,-4.707222
Habenaria hamata,-38.05725,-7.829278
Habenaria hamata,-40.881667,-4.757222
Habenaria hamata,-40.850444,-4.12125
Habenaria hamata,-41.45,-12.45
Habenaria hamata,-41.47,-12.45
Habenaria hamata,-41.389722,-12.563333
Habenaria hamata,-41.470833,-12.455556
Habenaria hamata,-38.101389,-7.838333
Habenaria hamata,-41.46667,-12.45
Habenaria hamata,-41.395545,-12.554665
Habenaria hamata,-41.577784,-12.505017
Habenaria hamata,-41.3897406,-12.5669562
Habenaria hamata,-40.529111,-11.375611
Habenaria hamata,-37.510842,-9.516644
Habenaria hamata,-38.650308,-8.415433
Habenaria hamata,-41.883333,-13.3
Habenaria hamata,-38.054167,-7.823333
Habenaria hamata,-41.46666,-12.45
Habenaria hamata,-41.472222,-12.466667
Habenaria hamata,-41.883333,-13.883333
Habenaria hamata,-38.065005,-7.823363
Habenaria hamata,-38.056055,-7.822833
Habenaria hamata,-41.383333,-12.566667
Habenaria hexaptera,-40.103611,-2.915833
Habenaria hexaptera,-35.703333,-6.965278
Habenaria hexaptera,-35.713056,-6.97
Habenaria hexaptera,-35.691389,-6.963333
Habenaria hexaptera,-36.173025,-7.651967
Habenaria hexaptera,-35.9925,-8.395278
Habenaria imbricata,-41.866667,-13.333333
Habenaria imbricata,-41.95,-13.55
Habenaria imbricata,-41.966667,-13.533333
Habenaria imbricata,-41.033333,-11.633333
Habenaria imbricata,-41.97,-13.53
Habenaria imbricata,-41.03,-11.63
Habenaria imbricata,-41.87,-13.33
Habenaria itatiayae,-41.509167,-12.514167
Habenaria itatiayae,-41.366667,-13.366667
Habenaria itatiayae,-41.716667,-12.716667
Habenaria johannensis,-41.416667,-13.033333
Habenaria johannensis,-41.4,-13.016667
Habenaria johannensis,-41.95,-13.55
Habenaria johannensis,-41.866667,-13.45
Habenaria johannensis,-41.4,-13.02
Habenaria johannensis,-41.42,-13.03
Habenaria johannensis,-41.85,-13.28
Habenaria josephensis,-40.594796,-11.428702
Habenaria josephensis,-38.929167,-4.248333
Habenaria josephensis,-41.191667,-11.583333
Habenaria josephensis,-41.211667,-11.5975
Habenaria josephensis,-40.530139,-11.370083
Habenaria josephensis,-41.191944,-11.184167
Habenaria josephensis,-41.185556,-11.193889
Habenaria josephensis,-41.191944,-11.584167
Habenaria josephensis,-41.2,-11.583333
Habenaria josephensis,-41.2,-11.58
Habenaria lavrensis,-41.95,-13.55
Habenaria leprieurii,-35.642222,-5.666111
Habenaria leptoceras,-41.793611,-12.7925
Habenaria magdalenensis,-41.1558252,-11.5539318
Habenaria meeana,-41.466667,-12.966667
Habenaria meeana,-41.85,-13.85
Habenaria meeana,-41.95,-13.55
Habenaria meeana,-41.383333,-12.566667
Habenaria meeana,-41.47,-12.97
Habenaria meeana,-41.441389,-12.464444
Habenaria meeana,-41.959444,-13.956944
Habenaria meeana,-41.95,-13.583333
Habenaria meeana,-41.945278,-13.949444
Habenaria meeana,-41.95,-13.95
Habenaria meeana,-41.95,-13.954167
Habenaria meeana,-40.520278,-11.386111
Habenaria mystacina,-41.466667,-12.966667
Habenaria mystacina,-41.95,-13.55
Habenaria mystacina,-41.344167,-13.3475
Habenaria mystacina,-41.85,-13.85
Habenaria mystacina,-41.47,-12.97
Habenaria mystacina,-41.377222,-13.377222
Habenaria mystacina,-41.375278,-13.377222
Habenaria mystacina,-41.375278,-13.077222
Habenaria nuda,-41.377222,-13.377222
Habenaria nuda,-41.456944,-12.584444
Habenaria nuda,-41.836667,-13.422222
Habenaria nuda,-41.155833,-11.550278
Habenaria nuda,-41.888611,-13.285278
Habenaria nuda,-41.1558252,-11.5539318
Habenaria nuda,-41.900556,-13.901111
Habenaria nuda,-41.45,-13.583333
Habenaria nuda,-41.95,-13.55
Habenaria obtusa,-36.192222,-8.186111
Habenaria obtusa,-35.530594,-6.843138
Habenaria obtusa,-36.675972,-8.091083
Habenaria obtusa,-35.754167,-8.328361
Habenaria obtusa,-35.835556,-8.335833
Habenaria obtusa,-36.964361,-8.101861
Habenaria obtusa,-40.206389,-10.207222
Habenaria obtusa,-36.191639,-8.235639
Habenaria obtusa,-36.305556,-8.316667
Habenaria obtusa,-35.8375,-8.3325
Habenaria obtusa,-36.191667,-8.235555
Habenaria obtusa,-39.192222,-8.236111
Habenaria obtusa,-36.191389,-8.235556
Habenaria obtusa,-36.191944,-8.235833
Habenaria obtusa,-36.067778,-8.070556
Habenaria obtusa,-36.391389,-8.192222
Habenaria obtusa,-36.107778,-8.200278
Habenaria obtusa,-36.067778,-8.353889
Habenaria obtusa,-36.142799,-8.32583
Habenaria parviflora,-41.833333,-13.65
Habenaria parviflora,-41.2,-11.583333
Habenaria parviflora,-41.83,-13.65
Habenaria parviflora,-41.2,-11.58
Habenaria parviflora,-41.15,-11.55
Habenaria parviflora,-41.833333,-13.566667
Habenaria parviflora,-41.99722,-12.18306
Habenaria parviflora,-41.833333,-13.833333
Habenaria parviflora,-40.6,-11.6
Habenaria parviflora,-41.389556,-12.989528
Habenaria petalodes,-39.054444,-11.054167
Habenaria petalodes,-38.433889,-10.437222
Habenaria petalodes,-39.466667,-12.466667
Habenaria petalodes,-35.806944,-6.450556
Habenaria petalodes,-40.768056,-4.166667
Habenaria petalodes,-36.642694,-8.090667
Habenaria petalodes,-37.205667,-8.610944
Habenaria petalodes,-38.433056,-10.004167
Habenaria petalodes,-37.483889,-10.441667
Habenaria petalodes,-35.843889,-8.381944
Habenaria petalodes,-37.811111,-10.738333
Habenaria petalodes,-36.721311,-9.388897
Habenaria petalodes,-37.594436,-10.225925
Habenaria petalodes,-38.566944,-9.435639
Habenaria petalodes,-36.772431,-9.497014
Habenaria petalodes,-37.893889,-9.312222
Habenaria petalodes,-36.504861,-9.402825
Habenaria petalodes,-37.558333,-10.530278
Habenaria petalodes,-35.843889,-5.381944
Habenaria petalodes,-36.952222,-9.396189
Habenaria petalodes,-36.710772,-9.404953
Habenaria petalodes,-36.722378,-9.433758
Habenaria petalodes,-38.359267,-11.243867
Habenaria petalodes,-38.433056,-10.420833
Habenaria petalodes,-38.6225,-11.626667
Habenaria petalodes,-39.065,-11.065833
Habenaria petalodes,-39.0675,-11.078611
Habenaria petalodes,-39.475278,-12.469722
Habenaria petalodes,-36.785,-9.001666
Habenaria petalodes,-40.768111,-4.166667
Habenaria petalodes,-36,-8.383333
Habenaria petalodes,-35.906944,-8.248611
Habenaria petalodes,-36.010444,-8.391583
Habenaria petalodes,-35.843944,-8.381944
Habenaria petalodes,-35.8375,-8.334722
Habenaria petalodes,-35.835556,-8.335833
Habenaria petalodes,-35.843944,-8.380556
Habenaria petalodes,-38.194244,-8.376025
Habenaria pratensis,-41.55,-13.1
Habenaria pratensis,-41.883334,-13.55
Habenaria pratensis,-35.445833,-5.577222
Habenaria pratensis,-35.448889,-5.575
Habenaria pratensis,-35.356667,-5.891111
Habenaria pratensis,-41.940833,-13.518889
Habenaria pratensis,-35.359444,-5.894722
Habenaria pratensis,-41.7,-4.131389
Habenaria pratensis,-40.850444,-4.12125
Habenaria pratensis,-37.003342,-9.621103
Habenaria pratensis,-41.88,-13.55
Habenaria pratensis,-36.504861,-9.402825
Habenaria pratensis,-36.721311,-9.388897
Habenaria pratensis,-36.786389,-9.541361
Habenaria pratensis,-36.722378,-9.433758
Habenaria pratensis,-36.726081,-9.406567
Habenaria pratensis,-41.396111,-10.388611
Habenaria pratensis,-41.55,-13.55
Habenaria pratensis,-41.883333,-13.55
Habenaria pratensis,-35.8375,-8.3325
Habenaria pratensis,-41.844147,-13.442881
Habenaria pseudohamata,-41.472222,-12.45
Habenaria pseudohamata,-41.45,-13.583333
Habenaria pseudohamata,-41.376389,-13.383056
Habenaria pseudohamata,-41.474444,-12.604167
Habenaria pseudohamata,-41.461408,-12.601848
Habenaria pseudohamata,-42.5,-14.116667
Habenaria pseudohamata,-41.45,-13.58
Habenaria pseudohamata,-42.5,-14.12
Habenaria pseudohamata,-41.516667,-12.516667
Habenaria pseudohamata,-42.5,-14.5
Habenaria pubidactyla,-41.507612,-12.759237
Habenaria pubidactyla,-41.478611,-12.606111
Habenaria pubidactyla,-41.476722,-12.602972
Habenaria pubidactyla,-41.509167,-12.514167
Habenaria quadrata,-41.2,-11.583333
Habenaria quadrata,-41.2,-11.58
Habenaria repens,-41.033333,-11.633333
Habenaria repens,-41.416667,-13.033333
Habenaria repens,-42.5,-14.116667
Habenaria repens,-41.95,-13.95
Habenaria repens,-41.9,-14.9
Habenaria repens,-41.866667,-13.866667
Habenaria repens,-41.375278,-13.377222
Habenaria repens,-41.027222,-11.017778
Habenaria repens,-41.376944,-13.098889
Habenaria repens,-41,-11.666667
Habenaria repens,-41.38111,-13.00139
Habenaria repens,-35.567106,-7.172444
Habenaria repens,-42.5,-14.12
Habenaria repens,-41.42,-13.03
Habenaria repens,-41.03,-11.63
Habenaria repens,-41.833333,-13.833333
Habenaria repens,-41.03333,-11.63333
Habenaria repens,-41.209444,-11.207778
Habenaria repens,-41.385,-12.399722
Habenaria repens,-38.978889,-11.981389
Habenaria repens,-39.633333,-12.633333
Habenaria repens,-41.016389,-11.015
Habenaria repens,-41.942222,-13.935
Habenaria repens,-41.466667,-12.466667
Habenaria repens,-39.454277,-8.544944
Habenaria repens,-41.016389,-11.681667
Habenaria repens,-41.883333,-13.533333
Habenaria repens,-41.483333,-12.6
Habenaria repens,-41.466667,-12.45
Habenaria repens,-35.992944,-6.92
Habenaria repens,-41.013972,-11.680833
Habenaria rodeiensis,-39.475833,-12.470556
Habenaria rodeiensis,-41.168333,-12.1825
Habenaria rodeiensis,-41.185556,-11.199722
Habenaria rodeiensis,-41.5,-12.5
Habenaria rotundiloba,-35.456111,-6.578333
Habenaria rotundiloba,-35.623333,-5.656944
Habenaria rupicola,-40.538611,-12.541389
Habenaria rupicola,-41.15,-11.55
Habenaria rupicola,-41.209361,-11.590611
Habenaria rupicola,-39.466667,-12.466667
Habenaria schenckii,-39.054444,-11.054167
Habenaria schenckii,-40.0775,-2.88
Habenaria schenckii,-38.330833,-11.358056
Habenaria schenckii,-37.5919,-8.41167
Habenaria schenckii,-41.018611,-3.346111
Habenaria schenckii,-39.117222,-6.378889
Habenaria schenckii,-35.791944,-6.879444
Habenaria schenckii,-37.684167,-9.805278
Habenaria schenckii,-37.4125,-9.475556
Habenaria schenckii,-37.410278,-9.481944
Habenaria schenckii,-37.313056,-10.264444
Habenaria schenckii,-37.690283,-9.798472
Habenaria schenckii,-38.383342,-9.708094
Habenaria schenckii,-38.253858,-10.430556
Habenaria schenckii,-35.493999,-6.134
Habenaria spathulifera,-41.445556,-4.052222
Habenaria spathulifera,-41.748611,-4.088333
Habenaria spathulifera,-41.709722,-4.095
Habenaria spathulifera,-41.709167,-3.928056
Habenaria spathulifera,-41.748611,-4.089444
Habenaria spathulifera,-41.700278,-4.131389
Habenaria sprucei,-41.916667,-13.916667
Habenaria sprucei,-41.412778,-4.065833
Habenaria sprucei,-41.748611,-4.088333
Habenaria sprucei,-41.711944,-4.097778
Habenaria trifida,-39.475278,-12.469722
Habenaria trifida,-35.611111,-5.600833
Habenaria trifida,-36.010444,-8.391583
Habenaria trifida,-36.72,-8.320833
Habenaria trifida,-35.751544,-8.318797
Habenaria trifida,-39.0675,-11.078611
Habenaria trifida,-36.010278,-8.391389
Habenaria trifida,-36.576311,-9.4848
Habenaria trifida,-36.772431,-9.497014
Habenaria trifida,-39.067222,-11.075
Habenaria trifida,-41.99722,-12.18306
Habenaria trifida,-39.466667,-12.466667
Habenaria trifida,-36.963533,-8.434161
Habenaria trifida,-35.448889,-5.575
Habenaria trifida,-35.8375,-8.3325
Habenaria trifida,-36.010444,-8.391389
Habenaria trifida,-40.520278,-11.386111
Habenaria uliginosa,-41.47,-12.97
Habenaria warmingii,-41.483333,-12.6
Habenaria warmingii,-41.95,-13.55
Hapalorchis lineatus,-37.690283,-9.798472
Hapalorchis lineatus,-41.416667,-12.45
Ionopsis utricularioides,-35.7425,-6.020556
Ionopsis utricularioides,-35.438333,-5.6075
Ionopsis utricularioides,-37.645278,-10.879639
Ionopsis utricularioides,-37.65,-10.917222
Isochilus linearis,-41.349444,-12.349722
Isochilus linearis,-41.878889,-13.043611
Isochilus linearis,-41.305,-11.311944
Isochilus linearis,-41.269722,-11.280278
Isochilus linearis,-36.721311,-9.388897
Isochilus linearis,-37.1846,-9.644978
Isochilus linearis,-36.710772,-9.404953
Isochilus linearis,-36.726081,-9.406567
Isochilus linearis,-41.246667,-11.240556
Isochilus linearis,-41.349444,-12.783056
Isochilus linearis,-38.916528,-4.235528
Isochilus linearis,-38.970556,-4.207222
Jacquiniella globosa,-38.970556,-4.206667
Jacquiniella globosa,-38.723333,-3.900278
Jacquiniella globosa,-38.7225,-3.909722
Jacquiniella globosa,-38.722528,-3.897167
Jacquiniella globosa,-38.7225,-3.8975
Jacquiniella globosa,-38.722778,-3.897778
Jacquiniella globosa,-36.930556,-10.036419
Jacquiniella globosa,-36.504861,-9.402825
Jacquiniella globosa,-36.572231,-9.526481
Jacquiniella globosa,-36.511936,-9.101728
Jacquiniella globosa,-39.476111,-12.469167
Jacquiniella globosa,-38.7,-3.894444
Jacquiniella globosa,-38.722417,-3.909722
Jacquiniella globosa,-38.714917,-3.907944
Jacquiniella globosa,-38.970583,-4.20675
Jacquiniella globosa,-38.970556,-4.207222
Koellensteinia florida,-38.9975,-11.2425
Koellensteinia tricolor,-40.751667,-13.8875
Laelia gloriosa,-41.443611,-13.264167
Laelia marginata,-36,-8.383333
Laelia marginata,-36,-8
Leochilus labiatus,-38.972222,-4.207778
Leochilus labiatus,-38.970583,-4.20675
Leochilus labiatus,-38.033333,-11.033333
Leptotes vellozicola,-41.3,-13.3
Liparis nervosa,-42.346111,-13.592222
Liparis nervosa,-38.216667,-9.4
Liparis nervosa,-37.65,-10.917222
Liparis nervosa,-36.754244,-9.910039
Liparis nervosa,-36.572231,-9.526475
Liparis nervosa,-37.194414,-9.735625
Liparis nervosa,-36.511936,-9.101728
Liparis nervosa,-36.721311,-9.388897
Liparis nervosa,-36.772378,-9.497014
Liparis nervosa,-36.572067,-9.526233
Liparis nervosa,-36.793242,-9.534536
Liparis nervosa,-36.574436,-9.51895
Liparis nervosa,-36.786389,-9.541361
Liparis nervosa,-39.6925,-12.687778
Liparis nervosa,-41.452694,-12.771161
Liparis vexillifera,-41.466667,-12.45
Liparis vexillifera,-41.47,-12.45
Macroclinium roseum,-36.688086,-9.768364
Malaxis excavata,-41.9,-13.9
Masdevallia infracta,-41.366667,-12.516667
Masdevallia infracta,-39.475833,-5.854167
Maxillaria barbosae,-41.883333,-13.883333
Maxillaria barbosae,-41.88,-13.33
Maxillaria discolor,-36.489636,-9.394228
Maxillaria humilis,-41.883333,-13.883333
Maxillaria humilis,-41.88,-13.27
Maxillaria humilis,-41.88,-13.33
Maxillaria humilis,-41.882222,-13.325833
Maxillaria imbricata,-41.433333,-12.433333
Maxillaria imbricata,-38.968889,-4.206667
Maxillaria imbricata,-38.715,-3.908056
Maxillaria imbricata,-38.721667,-3.910556
Maxillaria imbricata,-38.973889,-4.207778
Maxillaria imbricata,-38.714917,-3.907944
Maxillaria imbricata,-38.721528,-3.910639
Maxillaria imbricata,-38.96875,-4.206583
Maxillaria leucaimata,-38.722889,-3.898
Maxillaria leucaimata,-38.721444,-3.894306
Maxillaria leucaimata,-38.720278,-3.895
Maxillaria leucaimata,-38.720833,-3.893889
Maxillaria leucaimata,-38.973889,-4.207778
Maxillaria leucaimata,-38.1167,-6.58333
Maxillaria leucaimata,-38.961944,-4.237222
Maxillaria leucaimata,-38.72,-3.9
Maxillaria marginata,-41.383333,-12.383333
Maxillaria notylioglossa,-41.409926,-12.894155
Maxillaria notylioglossa,-41.383333,-12.566667
Maxillaria notylioglossa,-41.45,-12.466667
Maxillaria notylioglossa,-41.452778,-12.456667
Maxillaria notylioglossa,-41.383333,-12.383333
Maxillaria ochroleuca,-36.511936,-9.101728
Maxillaria ochroleuca,-36.504861,-9.402825
Maxillaria ochroleuca,-36.385,-8.240833
Maxillaria parviflora,-36.785186,-9.122839
Maxillaria parviflora,-36.575828,-9.518528
Maxillaria parviflora,-36.721311,-9.388897
Maxillaria parviflora,-36.504861,-9.402825
Maxillaria parviflora,-36.772431,-9.497014
Maxillaria picta,-41.020556,-11.683889
Maxillaria picta,-40.1815,-8.02653
Maxillaria rigida,-41.383333,-12.566667
Maxillaria splendens,-36.504861,-9.402825
Maxillaria subrepens,-36.019444,-8.410556
Maxillaria subrepens,-36.019167,-8.410556
Maxillaria subrepens,-37.058728,-9.683628
Mesadenella cuspidata,-38.840833,-4.208056
Mesadenella cuspidata,-36.575828,-9.518528
Mesadenella cuspidata,-36.772431,-9.497014
Mesadenella cuspidata,-36.572231,-9.526475
Mesadenella cuspidata,-39.9,-6.2
Mesadenella cuspidata,-36.721311,-9.388897
Microchilus lamprophyllus,-39.475556,-12.480833
Microchilus lamprophyllus,-39.475556,-12.468333
Miltonia moreliana,-40.526667,-12.529167
Myoxanthus exasperatus,-36.506481,-9.432231
Myoxanthus exasperatus,-36.956203,-9.526475
Notylia barkeri,-37.628611,-10.863611
Notylia barkeri,-37.65,-10.917222
Notylia barkeri,-35.796902,-8.23333
Notylia hemitricha,-40.607222,-13.526389
Notylia inversa,-36.721311,-9.388897
Notylia inversa,-36.572231,-9.526475
Notylia inversa,-36.326497,-8.294119
Notylia longispicata,-36.956203,-9.884653
Notylia lyrata,-40.991389,-11.998056
Notylia lyrata,-38.931944,-4.218056
Notylia lyrata,-41.218056,-11.231667
Notylia lyrata,-35.765,-6.973889
Notylia lyrata,-38.931806,-4.218056
Notylia lyrata,-36.024194,-7.905278
Notylia microchila,-40.475833,-12.4775
Notylia nemorosa,-39.471667,-12.469444
Notylia nemorosa,-35.450556,-6.020556
Notylia nemorosa,-35.425278,-5.589722
Notylia pubescens,-38.971167,-4.206028
Notylia pubescens,-40.201944,-13.201944
Notylia pubescens,-41.2,-11.2
Notylia pubescens,-40.2075,-14.3625
Notylia sagittifera,-39.183333,-11.183333
Notylia sagittifera,-38.033333,-11.033333
Octomeria alexandri,-41.416667,-13.016667
Octomeria alexandri,-41.45,-12.5
Octomeria alexandri,-41.466667,-12.466667
Octomeria alexandri,-41.866667,-13.866667
Octomeria alexandri,-41.75,-13.75
Octomeria alexandri,-41.027222,-11.017778
Octomeria alexandri,-41.272417,-13.25825
Octomeria alexandri,-41.233056,-13.397778
Octomeria alexandri,-41.42,-13.02
Octomeria alexandri,-41.75,-12.35
Octomeria alexandri,-41.633333,-12.633333
Octomeria alexandri,-41.471111,-12.457778
Octomeria alexandri,-41.452778,-12.456667
Octomeria alexandri,-41.566667,-13.566667
Octomeria alexandri,-41.75,-12.75
Octomeria alexandri,-41.883333,-13.883333
Octomeria alexandri,-41.785278,-12.75
Octomeria alexandri,-42.31,-13.25
Octomeria crassifolia,-41.2,-11.583333
Octomeria fusiformis,-41.816667,-13.816667
Octomeria pinicola,-41.2,-11.583333
Octomeria pinicola,-41.2,-11.58
Octomeria tricolor,-39.533333,-12.533333
Oeceoclades maculata,-38.1833,-10.7083
Oncidium barbatum,-35.9925,-8.395278
Oncidium cebolleta,-45.066667,-7.333333
Oncidium flexuosum,-36.107778,-8.200278
Ornithocephalus cujeticola,-39.621944,-4.354722
Ornithocephalus cujeticola,-38.905944,-4.206083
Ornithocephalus cujeticola,-38.903639,-4.271056
Pabstiella trifida,-38.905833,-4.206111
Pabstiella trifida,-38.933056,-4.297222
Pabstiella trifida,-38.971111,-4.206111
Pabstiella trifida,-38.721333,-3.893944
Pabstiella trifida,-38.720833,-3.899722
Pabstiella trifida,-38.905833,-4.206083
Pabstiella trifida,-38.971167,-4.206028
Pabstiella trifida,-38.933056,-4.297167
Pabstiella trifida,-38.92,-4.271111
Pabstiella trifida,-35.507778,-7.616389
Pabstiella uniflora,-38.92,-4.271111
Paradisanthus bahiensis,-41.420556,-12.447222
Paradisanthus bahiensis,-41.420833,-12.452778
Paradisanthus bahiensis,-41.45,-12.45
Paradisanthus bahiensis,-39.466667,-12.466667
Paradisanthus bahiensis,-40.109444,-13.111389
Paradisanthus bahiensis,-41.416667,-12.45
Paradisanthus bahiensis,-41.420556,-12.430556
Paradisanthus bahiensis,-41.420833,-12.419444
Pelexia cuculligera,-41.466667,-12.466667
Pelexia goninensis,-39.466667,-12.466667
Pelexia minarum,-41.92,-13.25
Pelexia oestrifera,-41.45,-12.5
Pelexia orthosepala,-41.3,-13.05
Pelexia orthosepala,-41.3,-13.3
Pelexia orthosepala,-41.966667,-13.533333
Pelexia orthosepala,-41.016389,-11.681667
Pelexia trachyglossa,-39.203056,-11.21
Pelexia trachyglossa,-39.201389,-11.209167
Pelexia viridis,-41.333333,-13.666667
Pelexia viridis,-41.916667,-13.916667
Pelexia viridis,-41.466667,-12.466667
Pelexia viridis,-41.5,-12.5
Pelexia viridis,-41.466667,-12.45
Pelexia viridis,-41.5,-12.85
Pelexia viridis,-41.508333,-12.508333
Pelexia viridis,-41.516667,-12.516667
Pelexia viridis,-41.45,-12.5
Phragmipedium sargentianum,-36.785186,-9.122839
Phymatidium delicatulum,-36.0275,-7.907778
Phymatidium delicatulum,-39.3263,-7.18567
Phymatidium delicatulum,-39.9,-6.2
Pleurothallis ruscifolia,-38.715,-3.908056
Pleurothallis ruscifolia,-38.721306,-3.894028
Pleurothallis ruscifolia,-38.721028,-3.894306
Pleurothallis ruscifolia,-38.720833,-3.894167
Pleurothallis ruscifolia,-38.961944,-4.237222
Pleurothallis ruscifolia,-38.714917,-3.907944
Pogoniopsis schenckii,-40.537222,-12.533889
Pogoniopsis schenckii,-40.537222,-12.547778
Pogoniopsis schenckii,-40.537222,-12.417222
Polystachya concreta,-40.536667,-12.545556
Polystachya concreta,-41.425833,-12.423611
Polystachya concreta,-41.189167,-3.316944
Polystachya concreta,-41.416667,-12.45
Polystachya concreta,-41.211667,-11.5975
Polystachya concreta,-38.919444,-4.298333
Polystachya concreta,-38.931944,-4.218056
Polystachya concreta,-38.926667,-4.289444
Polystachya concreta,-38.933722,-4.226417
Polystachya concreta,-41.193889,-11.187222
Polystachya concreta,-36.754244,-9.910039
Polystachya concreta,-36.572231,-9.526475
Polystachya concreta,-37.510842,-9.516644
Polystachya concreta,-36.504861,-9.402825
Polystachya concreta,-36.721311,-9.388897
Polystachya concreta,-37.058728,-9.683628
Polystachya concreta,-36.772431,-9.497014
Polystachya concreta,-37.058489,-9.682869
Polystachya concreta,-36.572067,-9.526233
Polystachya concreta,-37.501544,-10.292592
Polystachya concreta,-38.383342,-9.708094
Polystachya concreta,-38.253858,-10.430556
Polystachya concreta,-36.504167,-9.402314
Polystachya concreta,-37.895256,-9.637964
Polystachya concreta,-37.408025,-9.905711
Polystachya concreta,-37.558333,-10.530278
Polystachya concreta,-36.722378,-9.433758
Polystachya concreta,-38.971169,-4.206028
Polystachya concreta,-38.919556,-4.298417
Polystachya concreta,-38.931806,-4.218056
Polystachya concreta,-38.926528,-4.289583
Polystachya concreta,-38.92,-4.271111
Polystachya concreta,-41.433333,-12.433333
Polystachya concreta,-35.5825,-6.5825
Polystachya concreta,-39.066667,-10.066667
Polystachya concreta,-39.202222,-11.208611
Polystachya concreta,-39.201111,-11.208333
Polystachya concreta,-41.225278,-11.229722
Polystachya concreta,-41.027222,-11.017778
Polystachya concreta,-39.065,-11.066389
Polystachya concreta,-38.723556,-3.900528
Polystachya concreta,-35.691389,-6.963333
Polystachya concreta,-36.417722,-8.187333
Polystachya concreta,-36.385,-8.240833
Polystachya concreta,-35.843944,-8.381944
Polystachya concreta,-36,-8.383333
Polystachya concreta,-41.3275,-11.736667
Polystachya concreta,-37.594436,-10.225925
Polystachya concreta,-38.216667,-9.4
Polystachya concreta,-35.796902,-8.23333
Polystachya foliosa,-41.65,-12.933333
Polystachya foliosa,-41.511389,-12.756111
Polystachya foliosa,-41.1675,-13.154444
Polystachya foliosa,-40.426111,-3.536667
Polystachya foliosa,-38.783333,-7.823611
Polystachya foliosa,-41.3,-13.05
Polystachya foliosa,-38.416861,-10.113722
Polystachya foliosa,-37.811111,-10.738333
Polystachya foliosa,-37.684167,-9.805278
Polystachya foliosa,-37.42,-10.218333
Polystachya foliosa,-37.65,-10.917222
Polystachya foliosa,-36.574383,-9.526233
Polystachya foliosa,-38.92,-4.271111
Polystachya foliosa,-38.567075,-9.4371
Polystachya foliosa,-41.511389,-12.506111
Polystachya foliosa,-41.433333,-12.433333
Polystachya foliosa,-39.083056,-10.072222
Polystachya foliosa,-42.133333,-12.133333
Polystachya foliosa,-41.3,-13.3
Polystachya foliosa,-36.401667,-8.187222
Polystachya paulensis,-40.9181,-8.88015
Prescottia densiflora,-37.9044,-7.5947
Prescottia lancifolia,-41.875556,-13.546389
Prescottia leptostachya,-41.95,-13.533333
Prescottia leptostachya,-40.416667,-12.433333
Prescottia leptostachya,-40.991111,-11.985833
Prescottia leptostachya,-35.331944,-6.66
Prescottia leptostachya,-41.948889,-13.514722
Prescottia leptostachya,-42.092222,-12.588333
Prescottia leptostachya,-42.39139,-9.96639
Prescottia leptostachya,-39.08835,-11.699455
Prescottia leptostachya,-41.95,-13.53
Prescottia leptostachya,-39.066667,-11.066667
Prescottia leptostachya,-40.42,-12.43
Prescottia leptostachya,-42.391389,-9.966389
Prescottia leptostachya,-40.905833,-11.909167
Prescottia montana,-41.2,-11.2
Prescottia oligantha,-36.46,-6.647778
Prescottia oligantha,-36.721311,-9.388897
Prescottia oligantha,-36.504861,-9.402825
Prescottia oligantha,-37.210347,-9.718186
Prescottia oligantha,-36.726081,-9.406567
Prescottia oligantha,-36.722378,-9.433758
Prescottia oligantha,-36.719725,-9.430547
Prescottia oligantha,-41.192778,-11.188056
Prescottia oligantha,-40.491111,-12.485
Prescottia oligantha,-36.191472,-8.235639
Prescottia phleoides,-36.675972,-8.092833
Prescottia phleoides,-35.843944,-8.381944
Prescottia phleoides,-36.675972,-8.096222
Prescottia phleoides,-35.843889,-8.381944
Prescottia phleoides,-37.423203,-9.617808
Prescottia phleoides,-36.186389,-8.243056
Prescottia phleoides,-36.010278,-8.008056
Prescottia phleoides,-36,-8.383333
Prescottia plantaginea,-37.868611,-9.980833
Prescottia plantaginea,-40.231917,-10.212444
Prescottia plantaginea,-38.152778,-7.820833
Prescottia plantaginea,-41.192778,-11.438056
Prescottia plantaginea,-35.806944,-6.450556
Prescottia plantaginea,-35.776944,-6.440833
Prescottia plantaginea,-38.1526319,-7.8243335
Prescottia plantaginea,-37,-8.5
Prescottia plantaginifolia,-39.541111,-12.538889
Prescottia plantaginifolia,-38.054167,-7.056944
Prescottia plantaginifolia,-39.533333,-12.533333
Prescottia plantaginifolia,-38.966667,-11.966667
Prescottia plantaginifolia,-38.755278,-8.760833
Prescottia plantaginifolia,-37.030833,-8.298889
Prescottia plantaginifolia,-35.806944,-6.450556
Prescottia plantaginifolia,-35.776944,-6.440833
Prescottia plantaginifolia,-35.699167,-6.424444
Prescottia plantaginifolia,-35.782778,-8.214167
Prescottia plantaginifolia,-41.23,-11.411389
Prescottia plantaginifolia,-37.184722,-8.187222
Prescottia plantaginifolia,-37.030833,-8.032222
Prescottia plantaginifolia,-37.030833,-8.298611
Prescottia plantaginifolia,-37.184722,-8.387222
Prescottia plantaginifolia,-40.416667,-12.416667
Prescottia plantaginifolia,-36.960556,-8.353333
Prescottia plantaginifolia,-37.690283,-9.798472
Prescottia plantaginifolia,-39.25,-8.725833
Prescottia plantaginifolia,-38.083333,-8.368611
Prescottia plantaginifolia,-37.423203,-9.617808
Prescottia plantaginifolia,-38.755,-8.444167
Prescottia plantaginifolia,-37.893889,-9.312222
Prescottia plantaginifolia,-36.186111,-8.243056
Prescottia plantaginifolia,-38.056055,-7.822833
Prescottia plantaginifolia,-35.753333,-8.327222
Prescottia plantaginifolia,-36.186333,-8.243139
Prescottia plantaginifolia,-38.076667,-7.831389
Prescottia plantaginifolia,-35.843944,-8.381944
Prescottia plantaginifolia,-36.107778,-8.200278
Prescottia plantaginifolia,-36.010444,-8.391583
Prescottia plantaginifolia,-38.056056,-7.822833
Prescottia plantaginifolia,-36.5625,-8.5625
Prescottia plantaginifolia,-37.001667,-8.434167
Prescottia plantaginifolia,-38.966667,-12.966667
Prescottia plantaginifolia,-37.684399,-9.805
Prescottia stachyodes,-40.109444,-13.111389
Prescottia stachyodes,-38.905833,-4.206111
Prescottia stachyodes,-38.970556,-4.206667
Prescottia stachyodes,-38.931944,-4.218056
Prescottia stachyodes,-37.003342,-9.621103
Prescottia stachyodes,-36,-8.405
Prescottia stachyodes,-36,-8.31
Prescottia stachyodes,-36.596944,-9.333333
Prescottia stachyodes,-38.905944,-4.206083
Prescottia stachyodes,-36.721311,-9.388897
Prescottia stachyodes,-36.500281,-9.431333
Prescottia stachyodes,-38.054167,-7.823333
Prescottia stachyodes,-36.004722,-8.31
Prescottia stachyodes,-37.221683,-9.677206
Prescottia stachyodes,-37.317747,-9.903858
Prescottia stachyodes,-38.931806,-4.218056
Prescottia stachyodes,-38.970583,-4.20675
Promenaea xanthina,-41.9,-13.266667
Promenaea xanthina,-41.9,-13.9
Promenaea xanthina,-41.9,-13.27
Prosthechea aemula,-38.730139,-3.887333
Prosthechea aemula,-38.727583,-3.88025
Prosthechea aemula,-38.73525,-3.887944
Prosthechea aemula,-38.730278,-3.896667
Prosthechea aemula,-38.734722,-3.898333
Prosthechea aemula,-38.732222,-3.897778
Prosthechea aemula,-38.716667,-3.9
Prosthechea aemula,-41.371389,-12.374167
Prosthechea aemula,-41.371389,-12.424167
Prosthechea aemula,-40.516389,-12.500278
Prosthechea aemula,-36.401667,-8.187222
Prosthechea aemula,-60.025002,-3.10194
Prosthechea alagoensis,-36.401667,-8.211389
Prosthechea alagoensis,-36.506481,-9.432231
Prosthechea alagoensis,-36.721311,-9.388897
Prosthechea alagoensis,-36.904631,-9.098767
Prosthechea bulbosa,-41.883334,-13.333333
Prosthechea bulbosa,-41.88,-13.33
Prosthechea bulbosa,-41.26667,-13.7
Prosthechea bulbosa,-41.27,-13.7
Prosthechea bulbosa,-41.883333,-13.883333
Prosthechea bulbosa,-41.266667,-13.7
Prosthechea caetensis,-41.266667,-11.916667
Prosthechea caetensis,-41.85,-13.38
Prosthechea calamaria,-41.33,-12.8
Prosthechea carrii,-41.266667,-13.7
Prosthechea carrii,-41.285,-13.683889
Prosthechea carrii,-41.27,-13.7
Prosthechea carrii,-41.285,-13.283889
Prosthechea faresiana,-41.2815,-11.521944
Prosthechea faresiana,-41.1558252,-11.5539318
Prosthechea fragrans,-38.727222,-3.885278
Prosthechea fragrans,-38.727278,-3.885444
Prosthechea fragrans,-37.058728,-9.683628
Prosthechea fragrans,-36.572067,-9.526233
Prosthechea fragrans,-36.572231,-9.526475
Prosthechea fragrans,-36.639739,-9.801019
Prosthechea fragrans,-36.904631,-9.098767
Prosthechea fragrans,-36.414278,-8.183333
Prosthechea fragrans,-36.417722,-8.187333
Prosthechea glumacea,-41.88,-13.33
Prosthechea moojenii,-41.483333,-12.6
Prosthechea moojenii,-41.433333,-12.466667
Prosthechea moojenii,-41.85,-13.383333
Prosthechea moojenii,-41.507231,-12.757028
Prosthechea moojenii,-41.2,-11.2
Prosthechea moojenii,-41.15,-11.15
Prosthechea moojenii,-41.85,-13.85
Prosthechea moojenii,-41.416956,-12.770864
Prosthechea moojenii,-41.416667,-12.45
Prosthechea moojenii,-40.7025,-11.254444
Prosthechea moojenii,-41.194423,-11.417378
Prosthechea moojenii,-41.506944,-12.506944
Prosthechea moojenii,-41.2,-11.6
Prosthechea moojenii,-41.85,-13.38
Prosthechea moojenii,-41.43,-12.47
Prosthechea moojenii,-40.15,-11.55
Prosthechea moojenii,-41.15,-11.55
Prosthechea moojenii,-38.066667,-11.55
Prosthechea moojenii,-41.1625,-11.600556
Prosthechea moojenii,-41.195833,-11.435
Prosthechea moojenii,-41.48333,-12.6
Prosthechea moojenii,-41.48,-12.6
Prosthechea moojenii,-41.3189,-12.9658
Prosthechea moojenii,-41.323972,-12.937333
Prosthechea moojenii,-41.207222,-11.207778
Prosthechea moojenii,-41.2075,-11.2075
Prosthechea moojenii,-40.333333,-12.333333
Prosthechea moojenii,-40.216667,-10.216667
Prosthechea moojenii,-40.202222,-10.212778
Prosthechea moojenii,-41.318889,-12.3325
Prosthechea moojenii,-41.164722,-11.153333
Prosthechea moojenii,-41.318889,-12.965833
Prosthechea moojenii,-41.266667,-13.7
Prosthechea moojenii,-41.207778,-11.591667
Prosthechea pygmaea,-36.721311,-9.388897
Prosthechea silvana,-39.476944,-12.469722
Prosthechea vespa,-36.932067,-10.052769
Prosthechea vespa,-41.155833,-11.550278
Prosthechea vespa,-41.1558252,-11.5539318
Prosthechea vespa,-36.504861,-9.402825
Prosthechea vespa,-39.466667,-12.466667
Pseudolaelia irwiniana,-42.726944,-14.757778
Pseudolaelia vellozicola,-42.571667,-14.782222
Pseudolaelia vellozicola,-42.558056,-14.697778
Pseudolaelia vellozicola,-42.537222,-14.213889
Pseudolaelia vellozicola,-42.466667,-14.066667
Pseudolaelia vellozicola,-42.537222,-14.542222
Pseudolaelia vellozicola,-42.575556,-14.758056
Pseudolaelia vellozicola,-42.531389,-14.279167
Pseudolaelia vellozicola,-42.537222,-14.358889
Psilochilus modestus,-40.490556,-12.485278
Psilochilus modestus,-40.491111,-12.485
Pteroglossa roseoalba,-37.010278,-8.418611
Pteroglossa roseoalba,-37,-8.5
Rodriguezia bahiensis,-38.718333,-3.904722
Rodriguezia bahiensis,-36.506481,-9.432231
Rodriguezia bahiensis,-38.716667,-3.9
Rodriguezia bahiensis,-36.024055,-7.904972
Rodriguezia bahiensis,-35.843944,-8.381944
Rodriguezia bracteata,-39.479722,-12.468056
Rodriguezia bracteata,-38.718056,-3.905
Rodriguezia bracteata,-36.930556,-10.036419
Rodriguezia bracteata,-39.475556,-12.469444
Rodriguezia decora,-40.516667,-11.333333
Rodriguezia decora,-37.8788,-7.63741
Rodriguezia obtusifolia,-41.716667,-13.283333
Rodriguezia obtusifolia,-41.383333,-12.383333
Rodriguezia obtusifolia,-41.191944,-11.184167
Rodriguezia obtusifolia,-41.72,-13.28
Rodriguezia obtusifolia,-41.716667,-13.716667
Sacoila hassleri,-41.99722,-12.18306
Sacoila lanceolata,-41.826111,-13.820833
Sacoila lanceolata,-41.45,-12.45
Sacoila lanceolata,-35.492258,-6.851143
Sacoila lanceolata,-36.020556,-7.905833
Sacoila lanceolata,-36.067778,-8.353889
Sacoila lanceolata,-35.648056,-5.672222
Sacoila lanceolata,-39.28,-12.51
Sacoila lanceolata,-36.506483,-9.432236
Sacoila lanceolata,-41.75,-13.15
Sacoila lanceolata,-41.511389,-12.756111
Sacoila lanceolata,-39.068333,-11.627794
Sacoila lanceolata,-41.45,-12.6
Sacoila lanceolata,-41.5,-12.85
Sacoila lanceolata,-41.3,-13.05
Sacoila lanceolata,-41.3,-13.3
Sacoila lanceolata,-40.109444,-13.111389
Sacoila lanceolata,-41.5,-12.75
Sacoila lanceolata,-41.816667,-13.116667
Sacoila lanceolata,-41.366667,-13
Sacoila lanceolata,-41.440278,-12.459722
Sacoila lanceolata,-35.843889,-8.381944
Sacoila lanceolata,-38.178806,-9.092472
Sacoila lanceolata,-37.628611,-10.863611
Sacoila lanceolata,-37.690283,-9.798472
Sacoila lanceolata,-37.811111,-10.738333
Sacoila lanceolata,-37.65,-10.917222
Sacoila lanceolata,-37.684167,-9.805278
Sacoila lanceolata,-41.368889,-13.123333
Sacoila lanceolata,-36.859483,-10.045017
Sacoila lanceolata,-36.572067,-9.526233
Sacoila lanceolata,-36.385,-8.390833
Sacoila lanceolata,-38.076667,-7.831389
Sacoila lanceolata,-36.385,-8.240833
Sacoila lanceolata,-36.043055,-8.448055
Sacoila lanceolata,-38.210464,-10.372964
Sacoila lanceolata,-41.511389,-12.506111
Sacoila lanceolata,-39.466667,-12.466667
Sacoila lanceolata,-41.5,-12.5
Sacoila lanceolata,-41.316667,-13.324167
Sacoila lanceolata,-40.332222,-10.326667
Sacoila lanceolata,-41.383333,-13.383333
Sacoila lanceolata,-41.376944,-13.366944
Sacoila lanceolata,-37.756836,-8.30093
Sacoila lanceolata,-36.024194,-7.905277
Sacoila lanceolata,-40.938138,-8.4775
Sacoila lanceolata,-40.938138,-8.477444
Sacoila lanceolata,-36.898222,-7.470556
Sacoila lanceolata,-36.890083,-7.47625
Sacoila lanceolata,-36.926667,-7.489167
Sacoila lanceolata,-36.886111,-7.477778
Sacoila lanceolata,-36.403611,-8.2075
Sacoila lanceolata,-36.043056,-8.448056
Sacoila lanceolata,-35.843944,-8.381944
Sacoila lanceolata,-36.019167,-8.410639
Sacoila lanceolata,-36.024194,-7.905278
Sacoila lanceolata,-36.190556,-8.117778
Sacoila lanceolata,-36.019167,-8.410556
Sacoila lanceolata,-41.445278,-12.459722
Sacoila lanceolata,-41.3,-13.583333
Sacoila lanceolata,-36.0611,-7.07667
Sacoila lanceolata,-35.796902,-8.23333
Sacoila lanceolata,-39.282799,-11.5639
Sanderella discolor,-37.078911,-9.627964
Sanderella discolor,-36.721311,-9.388897
Sarcoglottis acaulis,-36.681389,-6.850833
Sarcoglottis acaulis,-38.720278,-3.899722
Sarcoglottis acaulis,-38.721389,-3.897222
Sarcoglottis acaulis,-37.374167,-10.515
Sarcoglottis acaulis,-37.628611,-10.863611
Sarcoglottis acaulis,-38.225611,-11.058972
Sarcoglottis acaulis,-37.65,-10.917222
Sarcoglottis acaulis,-37.594436,-10.225925
Sarcoglottis acaulis,-38.72,-3.9
Sarcoglottis acaulis,-35.920278,-8.231667
Sarcoglottis curvisepala,-41.452778,-12.456667
Sarcoglottis curvisepala,-41.466667,-12.466667
Sarcoglottis curvisepala,-41.45,-12.45
Sarcoglottis curvisepala,-35.450556,-6.020556
Sarcoglottis curvisepala,-35.372222,-5.881944
Sarcoglottis curvisepala,-41.45,-12.46
Sarcoglottis curvisepala,-41.471389,-12.458611
Sarcoglottis curvisepala,-41.383333,-12.383333
Sarcoglottis curvisepala,-40.491111,-12.488056
Sarcoglottis curvisepala,-41.45,-12.456667
Sarcoglottis curvisepala,-41.466667,-12.45
Sarcoglottis curvisepala,-37.03056015,-8.29867225
Sarcoglottis curvisepala,-36.142799,-8.32583
Sarcoglottis fasciculata,-41.9,-13.9
Sarcoglottis fasciculata,-41.75,-12.75
Sarcoglottis grandiflora,-38.916667,-4.235556
Sarcoglottis grandiflora,-38.815,-3.895556
Sarcoglottis grandiflora,-35.919971,-6.84
Sarcoglottis grandiflora,-37.573997,-9.285186
Sarcoglottis grandiflora,-37.457153,-10.273733
Sarcoglottis grandiflora,-37.456172,-10.273611
Sarcoglottis grandiflora,-37.418211,-9.541133
Sarcoglottis grandiflora,-37.417747,-9.54105
Sarcoglottis grandiflora,-38.815111,-3.895611
Sarcoglottis grandiflora,-38.916528,-4.235528
Sarcoglottis riocontensis,-41.945278,-13.949444
Sarcoglottis riocontensis,-41.816667,-13.816667
Sarcoglottis schwackei,-41.9,-13.3
Sarcoglottis schwackei,-38.136744,-9.468572
Scaphyglottis emarginata,-36.572231,-9.526481
Scaphyglottis emarginata,-36.572231,-9.526475
Scaphyglottis fusiformis,-38.727694,-3.880333
Scaphyglottis fusiformis,-36.688086,-9.768364
Scaphyglottis livida,-36.688086,-9.768364
Scaphyglottis modesta,-40.536667,-12.545556
Scaphyglottis prolifera,-38.815,-3.895556
Scaphyglottis prolifera,-38.720167,-3.901333
Scaphyglottis prolifera,-38.732222,-3.897778
Scaphyglottis prolifera,-38.7225,-3.8975
Scaphyglottis prolifera,-36.932067,-10.052769
Scaphyglottis prolifera,-37.65,-10.917222
Scaphyglottis prolifera,-36.772431,-9.497014
Scaphyglottis prolifera,-36.639522,-9.801019
Scaphyglottis prolifera,-38.815111,-3.895611
Scaphyglottis prolifera,-38.715111,-3.895611
Scaphyglottis sickii,-38.713611,-3.917222
Scaphyglottis sickii,-36.572231,-9.526475
Scaphyglottis sickii,-36.721311,-9.388897
Scaphyglottis sickii,-36.906883,-9.10335
Scaphyglottis sickii,-36.715108,-9.29375
Scaphyglottis sickii,-37.189428,-9.654675
Scaphyglottis sickii,-39.466667,-12.466667
Scuticaria bahiensis,-41.9,-13.3
Skeptrostachys congestiflora,-41.883334,-13.3
Skeptrostachys congestiflora,-41.446666,-12.463889
Skeptrostachys congestiflora,-41.916667,-13.1
Skeptrostachys congestiflora,-41.9,-13.266667
Skeptrostachys congestiflora,-41.966667,-13.516667
Skeptrostachys congestiflora,-42.366667,-13.85
Skeptrostachys congestiflora,-41.95,-13.533333
Skeptrostachys congestiflora,-41.266667,-13.7
Skeptrostachys congestiflora,-41.333333,-12.533333
Skeptrostachys congestiflora,-41.9,-13.9
Skeptrostachys congestiflora,-41.45,-12.45
Skeptrostachys congestiflora,-42.416667,-13.416667
Skeptrostachys congestiflora,-41.446667,-12.463889
Skeptrostachys congestiflora,-41.92,-13.1
Skeptrostachys congestiflora,-41.883333,-13.3
Skeptrostachys congestiflora,-42.366667,-13.366667
Skeptrostachys congestiflora,-41.95,-13.53
Skeptrostachys congestiflora,-42.37,-13.85
Skeptrostachys congestiflora,-41.97,-13.52
Skeptrostachys congestiflora,-41.33,-12.53
Skeptrostachys congestiflora,-41.9,-13.23
Skeptrostachys congestiflora,-41.9,-13.27
Skeptrostachys congestiflora,-41.266667,-13.275
Skeptrostachys congestiflora,-41.95,-13.95
Skeptrostachys congestiflora,-41.916667,-13.916667
Skeptrostachys congestiflora,-41.75,-12.75
Skeptrostachys latipetala,-41.783333,-13.783333
Sobralia cardosoi,-41.416667,-12.416667
Sobralia cardosoi,-41.416667,-12.45
Sobralia decora,-40.366194,-10.666305
Sobralia decora,-40.502861,-11.332305
Sobralia liliastrum,-41.366667,-12.466667
Sobralia liliastrum,-41.4,-12.55
Sobralia liliastrum,-41.392462,-12.584845
Sobralia liliastrum,-41.419787,-12.463769
Sobralia liliastrum,-41.416667,-12.416667
Sobralia liliastrum,-41.366667,-12.366667
Sobralia liliastrum,-39.466667,-12.466667
Sobralia liliastrum,-41.62,-13.0225
Sobralia liliastrum,-41.001944,-12.463333
Sobralia liliastrum,-41.3872,-12.565948
Sobralia liliastrum,-41.39863,-12.587693
Sobralia liliastrum,-41.298264,-12.497492
Sobralia liliastrum,-41.526791,-12.457324
Sobralia liliastrum,-39.28,-12.51
Sobralia liliastrum,-41.65,-12.933333
Sobralia liliastrum,-41.650556,-13.659167
Sobralia liliastrum,-41.405278,-12.571111
Sobralia liliastrum,-41.344167,-12.8025
Sobralia liliastrum,-41.42,-12.462222
Sobralia liliastrum,-41.416667,-12.45
Sobralia liliastrum,-41.404359,-12.56237
Sobralia liliastrum,-41.342261,-12.991462
Sobralia liliastrum,-41.341938,-12.992213
Sobralia liliastrum,-41.36667,-12.46667
Sobralia liliastrum,-41.433333,-12.433333
Sobralia liliastrum,-41.45,-12.45
Sobralia liliastrum,-39.533333,-12.533333
Sobralia liliastrum,-41.366667,-13
Sobralia liliastrum,-41.55,-12.516667
Sobralia liliastrum,-41.433333,-12.466667
Sobralia liliastrum,-41.4,-12.566667
Sobralia liliastrum,-41.450833,-12.450556
Sobralia liliastrum,-36.754244,-9.910039
Sobralia liliastrum,-41.418611,-12.463611
Sobralia liliastrum,-41.40528,-12.57111
Sobralia liliastrum,-41.340342,-13.20696
Sobralia liliastrum,-41.355661,-12.991329
Sobralia liliastrum,-41.517603,-12.821851
Sobralia liliastrum,-36,-8
Sobralia liliastrum,-36.447217,-9.080578
Sobralia liliastrum,-36.575828,-9.518528
Sobralia liliastrum,-37.594436,-10.225925
Sobralia liliastrum,-36.572067,-9.526233
Sobralia liliastrum,-40.407778,-10.943333
Sobralia liliastrum,-39.475833,-12.471389
Sobralia liliastrum,-41.418611,-12.430278
Sobralia liliastrum,-41,-12
Sobralia liliastrum,-40.983333,-11.983333
Sobralia liliastrum,-41.3925,-12.39
Sobralia liliastrum,-39.475833,-12.470278
Sobralia liliastrum,-40.407778,-10.41
Sobralia liliastrum,-41.416944,-12.423889
Sobralia liliastrum,-41.683333,-12.683333
Sobralia liliastrum,-41.416944,-12.457222
Sobralia liliastrum,-35.8375,-8.334722
Sobralia liliastrum,-41.701944,-12.75
Sobralia liliastrum,-42.17,-13.25
Sobralia rondonii,-41.03,-11.63
Sobralia sessilis,-41.001111,-11.628055
Sobralia sessilis,-41.450833,-12.450556
Sobralia sessilis,-41.033333,-11.633333
Sobralia sessilis,-41.433333,-12.433333
Sobralia sessilis,-41.000833,-11.011389
Sobralia sessilis,-41.120556,-11.132778
Sobralia sessilis,-41.341667,-12.341667
Sobralia sessilis,-41.455142,-12.600633
Sobralia sessilis,-41.009444,-11.502222
Sobralia sessilis,-41.001389,-11.635833
Sobralia sessilis,-40.483333,-12.283333
Sobralia sessilis,-40.3,-12.516667
Sobralia sessilis,-40.536111,-11.396944
Sobralia sessilis,-41.62,-13.024167
Sobralia sessilis,-41.764722,-13.156667
Sobralia sessilis,-41.001111,-11.628056
Sobralia sessilis,-41.03,-11.63
Sobralia sessilis,-40.536667,-12.545556
Sobralia sessilis,-41.440278,-12.459722
Sobralia sessilis,-40.490833,-11.143611
Sobralia sessilis,-40.583333,-11.416667
Sobralia sessilis,-40.506111,-11.352222
Sobralia sessilis,-40.516667,-11.333333
Sobralia sessilis,-40.285186,-12.368519
Sobralia sessilis,-41.440278,-12.443056
Sobralia sessilis,-41.12,-11.132222
Sobralia sessilis,-41.3,-12.3
Sobralia sessilis,-41.120556,-11.133056
Sobralia sessilis,-40.998056,-11.992222
Sobralia sessilis,-41.171944,-12.1825
Sobralia sessilis,-41.15,-11.15
Sobralia sessilis,-40.536111,-12.542778
Sobralia sessilis,-40.6,-11.6
Sobralia sessilis,-41.166667,-11.166667
Sobralia sessilis,-40.999722,-11.991944
Sobralia sessilis,-41.001111,-11.011389
Sobralia sessilis,-40.536667,-12.412222
Sobralia sessilis,-40.407778,-10.943333
Sobralia sessilis,-41,-11.625556
Specklinia grobyi,-41.9,-13.23333
Specklinia marginalis,-41.3,-12.3
Specklinia marginalis,-41.3,-12.25
Stelis aprica,-38.720083,-3.895
Stelis aprica,-38.721222,-3.896194
Stelis aprica,-38.722639,-3.897667
Stelis aprica,-38.721194,-3.896167
Stelis aprica,-38.721306,-3.893889
Stelis aprica,-38.721806,-3.89425
Stelis aprica,-38.72275,-3.897972
Stelis aprica,-38.722889,-3.898111
Stelis aprica,-38.722861,-3.898139
Stelis aprica,-38.721917,-3.896639
Stelis aprica,-38.720917,-3.894306
Stelis aprica,-38.720722,-3.894361
Stelis aprica,-38.721333,-3.894028
Stelis aprica,-38.7225,-3.894444
Stelis aprica,-38.720833,-3.893889
Stelis aprica,-38.721389,-3.896389
Stelis aprica,-38.720833,-3.894167
Stelis aprica,-38.722556,-3.897167
Stelis aprica,-38.722111,-3.896667
Stelis aprica,-38.973889,-4.207778
Stelis aprica,-36.932067,-10.052769
Stelis aprica,-41.9,-13.9
Stelis aprica,-41.9,-13.27
Stelis aprica,-41.92,-13.27
Stelis aprica,-41.9,-14.27
Stelis aprica,-38.721389,-3.897222
Stelis aprica,-41.9,-13.26666
Stelis aprica,-38.72,-3.9
Stelis aprica,-41.916667,-13.916667
Stelis aprica,-41.9,-14.9
Stelis aprica,-41.483333,-12.483333
Stelis argentata,-38.973889,-4.208333
Stelis deregularis,-40.536667,-12.545556
Stelis deregularis,-40.3,-12.516667
Stelis deregularis,-37.003342,-9.621103
Stelis deregularis,-40.536667,-12.412222
Stelis duckei,-38.720417,-3.895028
Stelis duckei,-38.721556,-3.893861
Stelis duckei,-38.961944,-4.237222
Stelis duckei,-38.72,-3.9
Stelis loefgrenii,-38.973889,-4.207778
Stelis loefgrenii,-38.716667,-3.9
Stelis loefgrenii,-38.973889,-4.208333
Stelis loefgrenii,-38.970556,-4.207222
Stelis loefgrenii,-38.72,-3.9
Stelis loefgrenii,-38.973889,-4.975
Stelis oligantha,-37.003342,-9.621103
Stelis oligantha,-36.776042,-9.833333
Stelis parvula,-41.966667,-13.516667
Stelis parvula,-41.97,-13.52
Stelis parvula,-41.966667,-13.966667
Stelis ruprechtiana,-38.722889,-3.898083
Stelis ruprechtiana,-38.720611,-3.894167
Stelis ruprechtiana,-38.722889,-3.898028
Stelis ruprechtiana,-38.720667,-3.899944
Stelis ruprechtiana,-38.720917,-3.89425
Stelis ruprechtiana,-38.722556,-3.897222
Stelis ruprechtiana,-38.722639,-3.894667
Thelyschista ghillanyi,-41.433333,-12.466667
Thelyschista ghillanyi,-41.333333,-12.966667
Thelyschista ghillanyi,-41.383333,-13
Thelyschista ghillanyi,-41.35,-13.016667
Thelyschista ghillanyi,-41.466667,-12.466667
Thelyschista ghillanyi,-41.62,-13.024167
Thelyschista ghillanyi,-41.3,-12.3
Thelyschista ghillanyi,-41.293889,-12.981111
Thelyschista ghillanyi,-41.4175,-12.569722
Thelyschista ghillanyi,-41.365556,-13.001944
Thelyschista ghillanyi,-41.33,-12.97
Thelyschista ghillanyi,-41.43,-12.47
Thelyschista ghillanyi,-41.77,-13.3
Thelyschista ghillanyi,-41.370556,-13.005556
Thelyschista ghillanyi,-41.371944,-13.001389
Thelyschista ghillanyi,-41.43333,-12.46667
Thelyschista ghillanyi,-41.34333,-12.97833
Thelyschista ghillanyi,-41.3706394,-13.0092667
Thelyschista ghillanyi,-41.38,-13
Thelyschista ghillanyi,-41.343333,-12.978333
Thelyschista ghillanyi,-41.383333,-12.383333
Thelyschista ghillanyi,-41.891389,-13.898333
Thelyschista ghillanyi,-41.783333,-13.783333
Thelyschista ghillanyi,-41.35,-12.983333
Thelyschista ghillanyi,-41,-12
Trichocentrum caatingaense,-35.756009,-6.968679
Trichocentrum caatingaense,-38.848458,-4.189808
Trichocentrum caatingaense,-35.800556,-6.951111
Trichocentrum caatingaense,-35.728889,-6.758611
Trichocentrum caatingaense,-39.124168,-7.179504
Trichocentrum caatingaense,-40.418646,-3.619107
Trichocentrum caatingaense,-35.686111,-7.017222
Trichocentrum caatingaense,-38.310278,-6.996667
Trichocentrum caatingaense,-38.870556,-6.852778
Trichocentrum cebolleta,-42.316667,-13.9
Trichocentrum cebolleta,-35.983056,-7.185556
Trichocentrum cebolleta,-37.42,-10.218333
Trichocentrum cebolleta,-38.309167,-11.189722
Trichocentrum cebolleta,-38.183333,-10.708333
Trichocentrum cebolleta,-37.65,-10.917222
Trichocentrum cebolleta,-35.6862,-7.0173
Trichocentrum cebolleta,-37.893889,-9.312222
Trichocentrum cebolleta,-37.594436,-10.225925
Trichocentrum cebolleta,-37.603086,-9.377469
Trichocentrum cebolleta,-40.122222,-13.124167
Trichocentrum cebolleta,-41.383333,-12.383333
Trichocentrum cebolleta,-43.223333,-9.227778
Trichocentrum cebolleta,-42.316667,-13.316667
Trichocentrum cebolleta,-39.683333,-12.683333
Trichocentrum cebolleta,-38.311667,-6.993056
Trichocentrum cebolleta,-37.337778,-8.795
Trichocentrum cebolleta,-35.5,-6.75
Trichocentrum cepula,-38.310556,-6.313611
Trichocentrum cepula,-35.450556,-6.020556
Trichocentrum cepula,-35.386111,-5.89
Trichocentrum cepula,-35.371944,-5.879722
Trichocentrum cepula,-35.438333,-5.6075
Trichocentrum cepula,-35.419444,-5.588333
Trichocentrum cepula,-41.013889,-11.6775
Trichocentrum cepula,-35.458333,-6.735
Trichocentrum cepula,-37.547778,-9.098055
Trichocentrum cepula,-39.08835,-11.699455
Trichocentrum cepula,-42.32,-13.9
Trichocentrum cepula,-41.533611,-12.542778
Trichocentrum cepula,-39.2,-11.5
Trichocentrum cepula,-40.35,-10.733333
Trichocentrum cepula,-38.183333,-10.708333
Trichocentrum cepula,-37.42,-10.218333
Trichocentrum cepula,-37.65,-10.917222
Trichocentrum cepula,-37.418211,-9.541133
Trichocentrum cepula,-42.323056,-13.734444
Trichocentrum cepula,-44.361667,-15.488055
Trichocentrum cepula,-41.2,-13.2
Trichocentrum cepula,-39.2,-11.2
Trichocentrum cepula,-39.899722,-12.898889
Trichocentrum cepula,-39.204167,-11.210278
Trichocentrum cepula,-42.208889,-13.2075
Trichocentrum cepula,-37.374777,-8.080972
Trichocentrum cepula,-40.333333,-13.816667
Trichocentrum cepula,-39.488,-7.169
Trichocentrum cepula,-45.066667,-7.333333
Trichocentrum fuscum,-40.839588,-4.057398
Trichocentrum fuscum,-38.815,-3.895556
Trichocentrum fuscum,-38.971111,-4.206111
Trichocentrum fuscum,-38.973889,-4.207778
Trichocentrum fuscum,-40.426111,-3.536806
Trichocentrum fuscum,-36.506481,-9.432231
Trichocentrum fuscum,-36.721311,-9.388897
Trichocentrum fuscum,-36.772431,-9.497014
Trichocentrum fuscum,-38.971167,-4.206028
Trichocentrum fuscum,-38.815111,-3.895611
Trichocentrum fuscum,-38.970556,-4.207222
Trichocentrum fuscum,-37.594436,-10.225925
Trichocentrum pumilum,-41,-14
Trichocentrum pumilum,-38.225833,-11.061667
Trichocentrum pumilum,-37.39,-10.550278
Trichocentrum pumilum,-37.628611,-10.863611
Trichocentrum pumilum,-38.225972,-11.061528
Trichocentrum pumilum,-37.65,-10.917222
Trichocentrum pumilum,-42.5343,-6.65413
Trichocentrum pumilum,-36.574383,-9.526233
Trichocentrum pumilum,-39.201389,-11.209167
Trichocentrum pumilum,-40.122222,-13.124167
Trichocentrum pumilum,-40.540903,-11.863067
Trichocentrum pumilum,-40.751667,-13.8875
Trichocentrum sprucei,-42.192222,-13.440278
Trichocentrum sprucei,-38.705192,-6.642431
Trichosalpinx dura,-36.023583,-7.905028
Trichosalpinx dura,-38.970556,-4.207222
Trizeuxis falcata,-38.974444,-4.209444
Trizeuxis falcata,-38.973056,-4.208056
Trizeuxis falcata,-38.719722,-3.902778
Trizeuxis falcata,-38.724444,-3.902222
Trizeuxis falcata,-38.72,-3.902222
Trizeuxis falcata,-38.721389,-3.838056
Trizeuxis falcata,-38.72,-3.84
Trizeuxis falcata,-38.974361,-4.209472
Vanilla chamissonis,-37.430556,-8.901944
Vanilla chamissonis,-37.430556,-8.418611
Vanilla chamissonis,-41.883333,-13.883333
Vanilla chamissonis,-36.721311,-9.388897
Vanilla columbiana,-36.962055,-8.434333
Vanilla columbiana,-39.282799,-11.5639
Vanilla palmarum,-37.166667,-8.616667
Vanilla palmarum,-40.233355,-10.250063
Vanilla palmarum,-42.280278,-12.224722
Vanilla palmarum,-40.905833,-11.907778
Vanilla palmarum,-38.674444,-10.672778
Vanilla palmarum,-38.875278,-11.878333
Vanilla palmarum,-38.730556,-8.726944
Vanilla palmarum,-39.7,-12.7
Vanilla palmarum,-39.455833,-11.462222
Vanilla palmarum,-40.620278,-11.805556
Vanilla palmarum,-36.956111,-8.435833
Vanilla palmarum,-40.221667,-14
Vanilla palmarum,-42.295,-12.593889
Vanilla palmarum,-40.9,-12.35
Vanilla palmarum,-40.497778,-11.090833
Vanilla palmarum,-40.133333,-10.85
Vanilla palmarum,-39.316667,-10.433333
Vanilla palmarum,-40.093889,-11.998056
Vanilla palmarum,-40.116667,-11.4
Vanilla palmarum,-39.9775,-11.543889
Vanilla palmarum,-40.3,-12.51667
Vanilla palmarum,-39.93375,-11.406825
Vanilla palmarum,-38.083333,-11.083333
Vanilla palmarum,-38.567886,-10.697463
Vanilla palmarum,-39.191389,-11.475278
Vanilla palmarum,-40.473333,-12.324444
Vanilla palmarum,-39.271183,-11.578737
Vanilla palmarum,-38.564526,-10.692723
Vanilla palmarum,-41.193022,-10.648205
Vanilla palmarum,-36.646667,-8.094167
Vanilla palmarum,-40.896111,-3.895556
Vanilla palmarum,-38.335144,-10.009876
Vanilla palmarum,-38.241172,-9.924388
Vanilla palmarum,-37.0475,-8.044444
Vanilla palmarum,-37.043889,-8.041944
Vanilla palmarum,-41.446667,-10.439167
Vanilla palmarum,-36.360979,-8.231304
Vanilla palmarum,-39.298654,-7.358396
Vanilla palmarum,-37.346282,-8.472514
Vanilla palmarum,-42.2725,-13.274167
Vanilla palmarum,-39.746944,-12.749444
Vanilla palmarum,-37.17,-8.62
Vanilla palmarum,-40.92,-3.83
Vanilla palmarum,-36.385,-8.240833
Vanilla palmarum,-40.544722,-13.545278
Vanilla palmarum,-41.256944,-12.225833
Vanilla palmarum,-41.583333,-9.416667
Vanilla palmarum,-40.488056,-11.338333
Vanilla palmarum,-40.35,-10.9
Vanilla palmarum,-38.110556,-10.421111
Vanilla palmarum,-37.863889,-9.968611
Vanilla palmarum,-37.811111,-10.738333
Vanilla palmarum,-38.431111,-8.141667
Vanilla palmarum,-37.4125,-9.475556
Vanilla palmarum,-37.65,-10.917222
Vanilla palmarum,-38.183333,-10.708333
Vanilla palmarum,-37.043889,-8.308333
Vanilla palmarum,-37.0475,-8.310833
Vanilla palmarum,-39.013763,-11.671443
Vanilla palmarum,-38.225833,-9.118611
Vanilla palmarum,-39.766667,-12.7
Vanilla palmarum,-38.185,-10.703056
Vanilla palmarum,-37.863861,-9.968722
Vanilla palmarum,-37.690283,-9.798472
Vanilla palmarum,-38.719722,-8.238333
Vanilla palmarum,-41.270278,-11.648333
Vanilla palmarum,-38.674444,-10.656111
Vanilla palmarum,-37.740806,-8.936861
Vanilla palmarum,-39.455044,-11.441417
Vanilla palmarum,-38.007561,-9.234675
Vanilla palmarum,-37.901508,-8.604258
Vanilla palmarum,-41.688772,-13.499992
Vanilla palmarum,-36.572231,-9.526475
Vanilla palmarum,-36.406111,-8.41
Vanilla palmarum,-38.257222,-9.370528
Vanilla palmarum,-37.423203,-9.617808
Vanilla palmarum,-38.5302,-9.450386
Vanilla palmarum,-37.893889,-9.312222
Vanilla palmarum,-37.423147,-9.617439
Vanilla palmarum,-37.371606,-9.408025
Vanilla palmarum,-37.512344,-9.516975
Vanilla palmarum,-37.603758,-9.377956
Vanilla palmarum,-36.817439,-9.904631
Vanilla palmarum,-38.730278,-8.41
Vanilla palmarum,-40.916667,-3.833333
Vanilla palmarum,-37.867222,-9.981667
Vanilla palmarum,-38.952622,-9.7321
Vanilla palmarum,-40.324027,-10.412972
Vanilla palmarum,-41.99722,-12.18306
Vanilla palmarum,-40.59581,-12.66086
Vanilla palmarum,-40.422222,-12.420556
Vanilla palmarum,-39.48,-12.471389
Vanilla palmarum,-39.204444,-11.206667
Vanilla palmarum,-41.305,-11.312222
Vanilla palmarum,-41.183056,-11.175
Vanilla palmarum,-41.019444,-11.030556
Vanilla palmarum,-41.304444,-11.311667
Vanilla palmarum,-41.270278,-11.279167
Vanilla palmarum,-40.850833,-11.859722
Vanilla palmarum,-41.253056,-11.266389
Vanilla palmarum,-38.083333,-9.083333
Vanilla palmarum,-38.2,-9.2
Vanilla palmarum,-41.235,-11.246389
Vanilla palmarum,-38.45,-9.451667
Vanilla palmarum,-40.991111,-11.983889
Vanilla palmarum,-39.766667,-12.766667
Vanilla palmarum,-41.311944,-13.306111
Vanilla palmarum,-39.442778,-11.441944
Vanilla palmarum,-38.716667,-9.716667
Vanilla palmarum,-42.2725,-13.840833
Vanilla palmarum,-37.252778,-8.5325
Vanilla palmarum,-38.597911,-7.749986
Vanilla palmarum,-39.888305,-10.639583
Vanilla palmarum,-38.126388,-9.071888
Vanilla palmarum,-38.126166,-9.072222
Vanilla palmarum,-40.169186,-10.352519
Vanilla palmarum,-41.280861,-10.514194
Vanilla palmarum,-40.046277,-11.596775
Vanilla palmarum,-40.129,-10.229666
Vanilla palmarum,-38.783333,-10.266667
Vanilla palmarum,-37.594436,-10.225925
Vanilla palmarum,-38.498056,-9.813889
Vanilla palmarum,-38.216667,-9.4
Vanilla palmarum,-39,-11.65
Vanilla palmarum,-37.31358969,-8.498741453
Vanilla palmarum,-37.25138889,-8.511944444
Vanilla palmarum,-37.71122222,-9.047277778
Vanilla palmarum,-37.74080556,-8.936861111
Vanilla palmarum,-37.684399,-9.805
Vanilla palmarum,-37.8672223,-9.9816667
Vanilla phaeantha,-37.4643,-10.436471
Vanilla phaeantha,-37.432324,-10.513894
Vanilla phaeantha,-35.380849,-5.883307
Vanilla phaeantha,-35.35943,-5.906616
Vanilla phaeantha,-35.432778,-5.599722
Vanilla phaeantha,-35.552778,-5.766111
Vanilla phaeantha,-35.355833,-5.887778
Vanilla phaeantha,-39.06778,-11.627525
Vanilla phaeantha,-38.333333,-11.716667
Vanilla phaeantha,-39.316667,-12.316667
Vanilla phaeantha,-39.805278,-12.803056
Vanilla phaeantha,-39.534722,-12.548889
Vanilla phaeantha,-42.2725,-13.840833
Vanilla planifolia,-35.639083,-6.829306
Vanilla planifolia,-35.715,-6.970833
Vanilla planifolia,-36.572067,-9.526233
Vanilla pompona,-35.729111,-6.888728
Vanilla pompona,-35.793083,-6.879306
Vanilla pompona,-36.049722,-7.484444
Veyretia rupicola,-41.3,-13.05
Veyretia rupicola,-41.3,-13.3
Veyretia simplex,-41.95,-13.533333
Veyretia sincorensis,-41.9,-13.266667
Veyretia sincorensis,-41.9,-13.3
Veyretia sincorensis,-41.483333,-12.766667
Veyretia sincorensis,-41.45,-12.466667
Veyretia sincorensis,-41.441111,-12.463889
Veyretia sincorensis,-41.9,-13.9
Veyretia sincorensis,-41.9,-13.27
Veyretia sincorensis,-41.452778,-12.456667
Wullschlaegelia aphylla,-35.722222,-8.033333
Wullschlaegelia aphylla,-40.483333,-11.35
Xylobium variegatum,-39.466667,-12.466667
Zygopetalum maculatum,-41.95,-13.55
Zygopetalum maculatum,-41.266667,-13.7
Zygopetalum maculatum,-42.366667,-13.85
Zygopetalum maculatum,-40.25,-10
Zygopetalum maculatum,-41.883334,-13.333333
Zygopetalum maculatum,-41.490171,-12.71596
Zygopetalum maculatum,-39.533333,-12.533333
Zygopetalum maculatum,-41.883333,-13.883333
Zygopetalum maculatum,-41.481389,-12.469444
Zygopetalum maculatum,-41.9,-13.9
Zygopetalum maculatum,-41.383333,-12.383333
Zygopetalum maculatum,-42.366667,-13.366667
Zygopetalum maculatum,-41.5,-12.5
Zygopetalum maculatum,-39.466667,-12.466667
Zygopetalum maculatum,-41.4553,-12.600488
Zygopetalum maculatum,-41.55,-12.516667
Zygopetalum maculatum,-41.293333,-12.984167
Zygopetalum maculatum,-41.9,-13.25
Zygopetalum maculatum,-41.27,-13.7
Zygopetalum maculatum,-41.5,-12.85
Zygopetalum maculatum,-41.1525,-13.157222
Zygopetalum maculatum,-41.95,-13.52
Zygopetalum maculatum,-41.88,-13.33
Zygopetalum maculatum,-41.327911,-12.939004
Zygopetalum maculatum,-41.882222,-13.325833
Zygopetalum maculatum,-41.505,-12.512222
Zygopetalum maculatum,-41.568333,-12.579167
Zygopetalum maculatum,-41.508333,-12.508333
Zygopetalum maculatum,-41.383333,-13.383333
Zygopetalum maculatum,-41.509167,-12.514167
Zygopetalum maculatum,-41.95,-13.516667
Zygopetalum maculatum,-40.25,-10.3
Zygopetalum sellowii,-41.341614,-12.890217
Zygopetalum sellowii,-41.75,-13.25
Zygopetalum sellowii,-41.866667,-13.333333
Zygopetalum sellowii,-41.883334,-13.3
Zygopetalum sellowii,-41.9,-13.9
Zygopetalum sellowii,-41.916667,-13.916667
Zygopetalum sellowii,-41.866667,-13.866667
Zygopetalum sellowii,-41.87,-13.33
Zygopetalum sellowii,-41.9,-13.25
Zygopetalum sellowii,-41.516667,-12.516667
Zygopetalum sellowii,-41.383333,-12.383333
Zygopetalum sellowii,-41.883333,-13.3
Zygopetalum maculatum,-41.455142,-12.600633
Zygostates aderaldoana,-35.683333,-6.683333
Zygostates bradei,-36.640278,-9.333333
Zygostates bradei,-36.572067,-9.526233
Zygostates bradei,-36.572231,-9.526475
Zygostates cornuta,-40.109444,-13.111389
Zygostates cornuta,-40.183333,-13.933333
Zygostates kuhlmannii,-36.786389,-9.541361
Zygostates kuhlmannii,-36.572231,-9.526475
Zygostates kuhlmannii,-37.209631,-9.549236
Zygostates kuhlmannii,-35.549722,-7.641667
Zygostates lunata,-36.049167,-7.886389
Zygostates lunata,-43.718611,-20.839167
